,id,new_spec,est_mass,hydrogen_kg,nitrogen_kg,ammonia_kg,iron_kg,water_kg,nickel_kg,cobalt_kg,magnesium silicate_kg,iron silicate_kg,aluminum_kg,nickel-iron_kg,platinum_kg
0,a0003361,Sr,97394321180.0709,0.0,0.0,0.0,0.0,0.0,0.0,0.0,9.739432118007092e-20,0.0,0.0,0.0,0.0
1,a0025143,S,108809610.98970515,0.0,0.0,0.0,0.0,0.0,0.0,0.0,1.0880961098970514e-22,0.0,0.0,0.0,0.0
2,a0089136,Sr,19332642940.102905,0.0,0.0,0.0,0.0,0.0,0.0,0.0,1.9332642940102908e-20,0.0,0.0,0.0,0.0
3,a0099942,Sq,38599931801.22851,0.0,0.0,0.0,0.0,0.0,0.0,0.0,3.859993180122851e-20,0.0,0.0,0.0,0.0
4,a0101955,B,9981085545.951702,2345555103.29865,9981085.545951702,9981085.545951702,99810855459.51703,0.0,0.0,0.0,0.0,0.0,0.0,0.0,0.0
5,a0138404,O,44949887162.15163,0.0,0.0,0.0,0.0,0.0,0.0,0.0,0.0,0.0,0.0,133276415435.77957,56187358952.68953
6,a0141424,S,12772676422.35009,0.0,0.0,0.0,0.0,0.0,0.0,0.0,1.2772676422350092e-20,0.0,0.0,0.0,0.0
7,a0162173,Cg,30112377499.968372,7076408712.492567,30112377.499968372,30112377.499968372,4998654664.99475,6022475499.993675,421573284.9995572,60224754.999936745,0.0,0.0,0.0,0.0,0.0
8,a0163899,R,646157301.763732,0.0,0.0,0.0,0.0,0.0,0.0,0.0,6.46157301763732e-22,0.0,0.0,0.0,0.0
9,a0207945,S,67067145875.02546,0.0,0.0,0.0,0.0,0.0,0.0,0.0,6.706714587502547e-20,0.0,0.0,0.0,0.0
10,a0208023,S,12772575430.488443,0.0,0.0,0.0,0.0,0.0,0.0,0.0,1.2772575430488444e-20,0.0,0.0,0.0,0.0
11,a0216985,S,5590695454.77847,0.0,0.0,0.0,0.0,0.0,0.0,0.0,5.5906954547784704e-21,0.0,0.0,0.0,0.0
12,a0225312,S,2450347088.541992,0.0,0.0,0.0,0.0,0.0,0.0,0.0,2.4503470885419925e-21,0.0,0.0,0.0,0.0
13,a0228502,Cb,9049946741.475672,2126737484.2467828,9049946.741475672,9049946.741475672,751145579.5424808,904994674.1475673,63349627.1903297,9049946.741475672,0.0,0.0,0.0,0.0,0.0
14,a0251732,S,3208632819.45714,0.0,0.0,0.0,0.0,0.0,0.0,0.0,3.2086328194571404e-21,0.0,0.0,0.0,0.0
15,a0292220,Sk,58433305306.42814,0.0,0.0,0.0,0.0,0.0,0.0,0.0,5.843330530642814e-20,0.0,0.0,0.0,0.0
16,a0309214,S,14686363991.198298,0.0,0.0,0.0,0.0,0.0,0.0,0.0,1.4686363991198298e-20,0.0,0.0,0.0,0.0
17,a0326354,S,607823867.4024819,0.0,0.0,0.0,0.0,0.0,0.0,0.0,6.078238674024819e-22,0.0,0.0,0.0,0.0
18,a0329437,S,58433164267.58428,0.0,0.0,0.0,0.0,0.0,0.0,0.0,5.843316426758429e-20,0.0,0.0,0.0,0.0
19,a0341843,X,50069958044.2998,0.0,0.0,0.0,4406156307898.382,0.0,500699580442.998,25034979022.1499,0.0,0.0,0.0,0.0,0.0
20,a0350462,S,1401878540.7672198,0.0,0.0,0.0,0.0,0.0,0.0,0.0,1.40187854076722e-21,0.0,0.0,0.0,0.0
21,a0350523,B,2685931288.842079,631193852.8778886,2685931.288842079,2685931.288842079,26859312888.42079,0.0,0.0,0.0,0.0,0.0,0.0,0.0,0.0
22,a0350751,V,8422039059.615012,0.0,0.0,0.0,0.0,0.0,0.0,0.0,8.422039059615013e-21,0.0,0.0,0.0,0.0
23,a0354182,Sq,9710874394.186886,0.0,0.0,0.0,0.0,0.0,0.0,0.0,9.710874394186886e-21,0.0,0.0,0.0,0.0
24,a0363305,X,7562513897.106992,0.0,0.0,0.0,665501222945.4153,0.0,75625138971.06992,3781256948.553496,0.0,0.0,0.0,0.0,0.0
25,a0367943,O,52086903.35966349,0.0,0.0,0.0,0.0,0.0,0.0,0.0,0.0,0.0,0.0,154437668.46140224,65108629.19957936
26,a0382875,Xk,5466647611.081861,0.0,0.0,0.0,481064989775.20374,0.0,54666476110.8186,2733323805.5409303,0.0,0.0,0.0,0.0,0.0
27,a0416186,K,33686309389.267094,7916282706.477767,33686309.389267094,33686309.389267094,2795963679.309169,3368630938.9267097,235804165.72486967,33686309.389267094,0.0,0.0,0.0,0.0,0.0
28,a0417419,S,7569329525.787672,0.0,0.0,0.0,0.0,0.0,0.0,0.0,7.569329525787673e-21,0.0,0.0,0.0,0.0
29,a0424482,S,50827802794.30722,0.0,0.0,0.0,0.0,0.0,0.0,0.0,5.082780279430722e-20,0.0,0.0,0.0,0.0
30,a0429389,Sq,2784611437.365007,0.0,0.0,0.0,0.0,0.0,0.0,0.0,2.7846114373650073e-21,0.0,0.0,0.0,0.0
31,a0433303,S,1402300239.1998243,0.0,0.0,0.0,0.0,0.0,0.0,0.0,1.4023002391998244e-21,0.0,0.0,0.0,0.0
32,a0433953,Sr,9711379245.810972,0.0,0.0,0.0,0.0,0.0,0.0,0.0,9.711379245810973e-21,0.0,0.0,0.0,0.0
33,a0443104,Sq,65994119.91083006,0.0,0.0,0.0,0.0,0.0,0.0,0.0,6.599411991083007e-23,0.0,0.0,0.0,0.0
34,a0450237,Xk,917866376.6362262,0.0,0.0,0.0,80772241143.9879,0.0,9178663766.362263,458933188.3181131,0.0,0.0,0.0,0.0,0.0
35,a0451157,X,14441288852.0417,0.0,0.0,0.0,1270833418979.6697,0.0,144412888520.417,7220644426.02085,0.0,0.0,0.0,0.0,0.0
36,a0451370,K,1634238202.1100025,384045977.49585056,1634238.2021100025,1634238.2021100025,135641770.7751302,163423820.21100026,11439667.414770018,1634238.2021100025,0.0,0.0,0.0,0.0,0.0
37,a0452807,S,4253709943.6437674,0.0,0.0,0.0,0.0,0.0,0.0,0.0,4.253709943643768e-21,0.0,0.0,0.0,0.0
38,a0455415,L,4864390049.431374,0.0,0.0,0.0,0.0,0.0,0.0,0.0,4.864390049431374e-21,0.0,34050730346.019615,0.0,0.0
39,a0459200,Sq,6417036072.48457,0.0,0.0,0.0,0.0,0.0,0.0,0.0,6.41703607248457e-21,0.0,0.0,0.0,0.0
40,a0459872,Sq,266479698.36348733,0.0,0.0,0.0,0.0,0.0,0.0,0.0,2.6647969836348738e-22,0.0,0.0,0.0,0.0
41,a0469219,Sq,66085558.1205121,0.0,0.0,0.0,0.0,0.0,0.0,0.0,6.60855581205121e-23,0.0,0.0,0.0,0.0
42,a0471240,C,1247442083.8131633,293148889.6960934,1247442.0838131632,1247442.0838131632,207075385.91298512,249488416.76263267,17464189.173384286,2494884.1676263264,0.0,0.0,0.0,0.0,0.0
43,a0471984,S,531557652.6062692,0.0,0.0,0.0,0.0,0.0,0.0,0.0,5.315576526062692e-22,0.0,0.0,0.0,0.0
44,a0474158,S,10535549588.4013,0.0,0.0,0.0,0.0,0.0,0.0,0.0,1.0535549588401302e-20,0.0,0.0,0.0,0.0
45,a0474163,X,13830838114.48217,0.0,0.0,0.0,1217113754074.431,0.0,138308381144.82172,6915419057.241085,0.0,0.0,0.0,0.0,0.0
46,a0478784,Sq,11507924.624486042,0.0,0.0,0.0,0.0,0.0,0.0,0.0,1.1507924624486043e-23,0.0,0.0,0.0,0.0
47,a0488615,Sq,2449759202.2594523,0.0,0.0,0.0,0.0,0.0,0.0,0.0,2.4497592022594526e-21,0.0,0.0,0.0,0.0
48,a0490581,Sq,26896918697.571068,0.0,0.0,0.0,0.0,0.0,0.0,0.0,2.689691869757107e-20,0.0,0.0,0.0,0.0
49,a0499998,Sr,116117148.58964966,0.0,0.0,0.0,0.0,0.0,0.0,0.0,1.1611714858964968e-22,0.0,0.0,0.0,0.0
50,a0508908,S,7356987302.737108,0.0,0.0,0.0,0.0,0.0,0.0,0.0,7.35698730273711e-21,0.0,0.0,0.0,0.0
51,a0510529,Sl,2450282463.683978,0.0,0.0,0.0,0.0,0.0,0.0,0.0,2.4502824636839784e-21,0.0,0.0,0.0,0.0
52,a0518810,X,4809662811.427191,0.0,0.0,0.0,423250327405.5928,0.0,48096628114.27191,2404831405.7135954,0.0,0.0,0.0,0.0,0.0
53,bJ92J00D,Sq,25686867.65397445,0.0,0.0,0.0,0.0,0.0,0.0,0.0,2.5686867653974454e-23,0.0,0.0,0.0,0.0
54,bJ93K00A,Xk,12417473.163872868,0.0,0.0,0.0,1092737638.4208124,0.0,124174731.63872868,6208736.581936434,0.0,0.0,0.0,0.0,0.0
55,bJ97U00R,V,306640111.7539286,0.0,0.0,0.0,0.0,0.0,0.0,0.0,3.0664011175392864e-22,0.0,0.0,0.0,0.0
56,bJ97Y09M,C,52043686.786887094,12230266.394918466,52043.6867868871,52043.6867868871,8639252.006623259,10408737.35737742,728611.6150164193,104087.3735737742,0.0,0.0,0.0,0.0,0.0
57,bJ98K26Y,S,8778719.204599105,0.0,0.0,0.0,0.0,0.0,0.0,0.0,8.778719204599106e-24,0.0,0.0,0.0,0.0
58,bJ99A10O,S,117021288.46321963,0.0,0.0,0.0,0.0,0.0,0.0,0.0,1.1702128846321964e-22,0.0,0.0,0.0,0.0
59,bJ99C09G,Sq,19414453.01302627,0.0,0.0,0.0,0.0,0.0,0.0,0.0,1.941445301302627e-23,0.0,0.0,0.0,0.0
60,bJ99N02W,D,156336338.4137341,0.0,0.0,0.0,0.0,3595.7357835158846,0.0,0.0,0.0,0.0,0.0,0.0,0.0
61,bJ99R32A,Sk,4865028493.806053,0.0,0.0,0.0,0.0,0.0,0.0,0.0,4.865028493806054e-21,0.0,0.0,0.0,0.0
62,bJ99S10F,S,66057736.6533427,0.0,0.0,0.0,0.0,0.0,0.0,0.0,6.60577366533427e-23,0.0,0.0,0.0,0.0
63,bJ99S10H,R,706132185.4506886,0.0,0.0,0.0,0.0,0.0,0.0,0.0,7.061321854506886e-22,0.0,0.0,0.0,0.0
64,bJ99V25W,L,49823783.705986135,0.0,0.0,0.0,0.0,0.0,0.0,0.0,4.982378370598614e-23,0.0,348766485.94190294,0.0,0.0
65,bK00A06G,S,17335982.705154385,0.0,0.0,0.0,0.0,0.0,0.0,0.0,1.7335982705154386e-23,0.0,0.0,0.0,0.0
66,bK00AK5E,S,403314627.9757941,0.0,0.0,0.0,0.0,0.0,0.0,0.0,4.033146279757941e-22,0.0,0.0,0.0,0.0
67,bK00SY4G,Sq,37994141.92291915,0.0,0.0,0.0,0.0,0.0,0.0,0.0,3.799414192291915e-23,0.0,0.0,0.0,0.0
68,bK00U11K,Sq,16799718.954142146,0.0,0.0,0.0,0.0,0.0,0.0,0.0,1.6799718954142148e-23,0.0,0.0,0.0,0.0
69,bK00W10G,C,118520349.7931473,27852282.201389614,118520.3497931473,118520.3497931473,19674378.06566245,23704069.95862946,1659284.8971040621,237040.6995862946,0.0,0.0,0.0,0.0,0.0
70,bK00YD4S,Xc,697305087.1611724,0.0,0.0,0.0,61362847670.18317,0.0,6973050871.611724,348652543.5805862,0.0,0.0,0.0,0.0,3486525.435805862
71,bK01A43V,S,45436164.0563681,0.0,0.0,0.0,0.0,0.0,0.0,0.0,4.54361640563681e-23,0.0,0.0,0.0,0.0
72,bK01B16A,Sk,6155600.344763887,0.0,0.0,0.0,0.0,0.0,0.0,0.0,6.1556003447638876e-24,0.0,0.0,0.0,0.0
73,bK01B16B,Xc,600948397.1304301,0.0,0.0,0.0,52883458947.47785,0.0,6009483971.304301,300474198.56521505,0.0,0.0,0.0,0.0,3004741.9856521506
74,bK01C36Q,Q,806617382.7832766,0.0,0.0,0.0,0.0,0.0,0.0,0.0,0.0,0.0,0.0,10740110451.759327,0.0
75,bK01F85R,S,32860750.36445705,0.0,0.0,0.0,0.0,0.0,0.0,0.0,3.286075036445705e-23,0.0,0.0,0.0,0.0
76,bK01K18W,S,6762856.29569806,0.0,0.0,0.0,0.0,0.0,0.0,0.0,6.76285629569806e-24,0.0,0.0,0.0,0.0
77,bK01K20M,Sq,116520547.14200759,0.0,0.0,0.0,0.0,0.0,0.0,0.0,1.165205471420076e-22,0.0,0.0,0.0,0.0
78,bK01Q34C,S,19331955082.191544,0.0,0.0,0.0,0.0,0.0,0.0,0.0,1.9331955082191547e-20,0.0,0.0,0.0,0.0
79,bK01Q71E,S,59526228.438585915,0.0,0.0,0.0,0.0,0.0,0.0,0.0,5.952622843858592e-23,0.0,0.0,0.0,0.0
80,bK01QE2J,C,78973382.19788645,18558744.816503316,78973.38219788646,78973.38219788646,13109581.444849152,15794676.43957729,1105627.3507704104,157946.76439577292,0.0,0.0,0.0,0.0,0.0
81,bK01T00D,C,11393966.120905163,2677582.038412713,11393.966120905163,11393.966120905163,1891398.376070257,2278793.2241810327,159515.5256926723,22787.932241810326,0.0,0.0,0.0,0.0,0.0
82,bK01V02E,S,25045190.695696816,0.0,0.0,0.0,0.0,0.0,0.0,0.0,2.504519069569682e-23,0.0,0.0,0.0,0.0
83,bK02A31L,X,100468844.86219811,0.0,0.0,0.0,8841258347.873434,0.0,1004688448.6219811,50234422.43109906,0.0,0.0,0.0,0.0,0.0
84,bK02B25F,S,897342191.1081117,0.0,0.0,0.0,0.0,0.0,0.0,0.0,8.973421911081119e-22,0.0,0.0,0.0,0.0
85,bK02G00R,Sk,306415310.1825675,0.0,0.0,0.0,0.0,0.0,0.0,0.0,3.064153101825675e-22,0.0,0.0,0.0,0.0
86,bK02JA0R,S,66030889.00704025,0.0,0.0,0.0,0.0,0.0,0.0,0.0,6.603088900704025e-23,0.0,0.0,0.0,0.0
87,bK02L00W,S,932518137.9107937,0.0,0.0,0.0,0.0,0.0,0.0,0.0,9.325181379107938e-22,0.0,0.0,0.0,0.0
88,bK02T66Z,Xk,13809866.845080104,0.0,0.0,0.0,1215268282.3670492,0.0,138098668.45080104,6904933.422540052,0.0,0.0,0.0,0.0,0.0
89,bK02T69S,S,59436638.83811094,0.0,0.0,0.0,0.0,0.0,0.0,0.0,5.943663883811094e-23,0.0,0.0,0.0,0.0
90,bK02V91X,Sq,66224139.1238984,0.0,0.0,0.0,0.0,0.0,0.0,0.0,6.622413912389841e-23,0.0,0.0,0.0,0.0
91,bK02VB4U,Sq,532134703.0529926,0.0,0.0,0.0,0.0,0.0,0.0,0.0,5.321347030529926e-22,0.0,0.0,0.0,0.0
92,bK03C04A,X,344300929.81854063,0.0,0.0,0.0,30298481824.031574,0.0,3443009298.185406,172150464.90927032,0.0,0.0,0.0,0.0,0.0
93,bK03E16Z,Sq,706125581.9349174,0.0,0.0,0.0,0.0,0.0,0.0,0.0,7.061255819349175e-22,0.0,0.0,0.0,0.0
94,bK03H42T,Sq,33602750.3616842,0.0,0.0,0.0,0.0,0.0,0.0,0.0,3.3602750361684204e-23,0.0,0.0,0.0,0.0
95,bK03L00H,Cb,10150114.939151997,2385277.010700719,10150.114939151998,10150.114939151998,842459.5399496157,1015011.4939151998,71050.80457406398,10150.114939151998,0.0,0.0,0.0,0.0,0.0
96,bK03L06N,K,22740165.274531957,5343938.83951501,22740.16527453196,22740.16527453196,1887433.7177861526,2274016.527453196,159181.1569217237,22740.16527453196,0.0,0.0,0.0,0.0,0.0
97,bK03R11U,Cb,6308155.080181887,1482416.4438427435,6308.155080181888,6308.155080181888,523576.8716550967,630815.5080181888,44157.08556127321,6308.155080181888,0.0,0.0,0.0,0.0,0.0
98,bK03S84M,C,309312651.1585825,72688473.02226688,309312.65115858254,309312.65115858254,51345900.0923247,61862530.231716506,4330377.116220155,618625.3023171651,0.0,0.0,0.0,0.0,0.0
99,bK03W00E,S,45332071.82172643,0.0,0.0,0.0,0.0,0.0,0.0,0.0,4.533207182172643e-23,0.0,0.0,0.0,0.0
100,bK04A00D,Sq,59163500.10375138,0.0,0.0,0.0,0.0,0.0,0.0,0.0,5.916350010375139e-23,0.0,0.0,0.0,0.0
101,bK04B01Y,S,50960352.499008186,0.0,0.0,0.0,0.0,0.0,0.0,0.0,5.096035249900819e-23,0.0,0.0,0.0,0.0
102,bK04B11H,K,45039088.1243185,10584185.709214848,45039.08812431851,45039.08812431851,3738244.3143184357,4503908.8124318505,315273.61687022954,45039.08812431851,0.0,0.0,0.0,0.0,0.0
103,bK04B18V,Sq,7055107.93412787,0.0,0.0,0.0,0.0,0.0,0.0,0.0,7.05510793412787e-24,0.0,0.0,0.0,0.0
104,bK04E20O,Sr,806329111.9394153,0.0,0.0,0.0,0.0,0.0,0.0,0.0,8.063291119394154e-22,0.0,0.0,0.0,0.0
105,bK04E21R,S,59032564.66712926,0.0,0.0,0.0,0.0,0.0,0.0,0.0,5.903256466712926e-23,0.0,0.0,0.0,0.0
106,bK04E22U,Xc,305486888.7074113,0.0,0.0,0.0,26882846206.252193,0.0,3054868887.074113,152743444.35370564,0.0,0.0,0.0,0.0,1527434.4435370564
107,bK04F00H,Sr,9855508.483549047,0.0,0.0,0.0,0.0,0.0,0.0,0.0,9.855508483549048e-24,0.0,0.0,0.0,0.0
108,bK04H01Q,Xk,696626683.8675222,0.0,0.0,0.0,61303148180.34196,0.0,6966266838.675222,348313341.9337611,0.0,0.0,0.0,0.0,0.0
109,bK04J01N,L,155840876.49215764,0.0,0.0,0.0,0.0,0.0,0.0,0.0,1.5584087649215764e-22,0.0,1090886135.4451034,0.0,0.0
110,bK04O10W,S,50711718.248129435,0.0,0.0,0.0,0.0,0.0,0.0,0.0,5.071171824812944e-23,0.0,0.0,0.0,0.0
111,bK04S00R,Sq,132740371.91633755,0.0,0.0,0.0,0.0,0.0,0.0,0.0,1.3274037191633757e-22,0.0,0.0,0.0,0.0
112,bK04V01J,Sq,88013976.89725484,0.0,0.0,0.0,0.0,0.0,0.0,0.0,8.801397689725485e-23,0.0,0.0,0.0,0.0
113,bK04W01H,Sq,101438417.16745053,0.0,0.0,0.0,0.0,0.0,0.0,0.0,1.0143841716745054e-22,0.0,0.0,0.0,0.0
114,bK04X00G,D,44780743.02845908,0.0,0.0,0.0,0.0,1029.9570896545588,0.0,0.0,0.0,0.0,0.0,0.0,0.0
115,bK04X03K,S,58894291.76511626,0.0,0.0,0.0,0.0,0.0,0.0,0.0,5.889429176511626e-23,0.0,0.0,0.0,0.0
116,bK04X51D,Xk,49569686.536896035,0.0,0.0,0.0,4362132415.246851,0.0,495696865.3689604,24784843.268448018,0.0,0.0,0.0,0.0,0.0
117,bK05B28G,X,21731750.73005438,0.0,0.0,0.0,1912394064.2447853,0.0,217317507.30054379,10865875.36502719,0.0,0.0,0.0,0.0,0.0
118,bK05E70R,S,38433029.21279442,0.0,0.0,0.0,0.0,0.0,0.0,0.0,3.843302921279443e-23,0.0,0.0,0.0,0.0
119,bK05E94H,T,67201166.56648487,0.0,0.0,0.0,403206999.3989092,0.0,0.0,0.0,0.0,0.0,0.0,0.0,0.0
120,bK05E95R,S,15017051.851721963,0.0,0.0,0.0,0.0,0.0,0.0,0.0,1.5017051851721965e-23,0.0,0.0,0.0,0.0
121,bK05F00G,B,59664223.68586029,14021092.566177167,59664.22368586029,59664.22368586029,596642236.8586029,0.0,0.0,0.0,0.0,0.0,0.0,0.0,0.0
122,bK05F00J,Sl,45363902.80306832,0.0,0.0,0.0,0.0,0.0,0.0,0.0,4.5363902803068323e-23,0.0,0.0,0.0,0.0
123,bK05H04B,S,58679932.66898581,0.0,0.0,0.0,0.0,0.0,0.0,0.0,5.867993266898581e-23,0.0,0.0,0.0,0.0
124,bK05K00A,V,38261138.24084614,0.0,0.0,0.0,0.0,0.0,0.0,0.0,3.8261138240846145e-23,0.0,0.0,0.0,0.0
125,bK05O03H,X,12133999.540801782,0.0,0.0,0.0,1067791959.5905569,0.0,121339995.40801781,6066999.770400891,0.0,0.0,0.0,0.0,0.0
126,bK05R03K,Sk,155832053.30763438,0.0,0.0,0.0,0.0,0.0,0.0,0.0,1.558320533076344e-22,0.0,0.0,0.0,0.0
127,bK05T45F,Sq,355419791.3082806,0.0,0.0,0.0,0.0,0.0,0.0,0.0,3.5541979130828064e-22,0.0,0.0,0.0,0.0
128,bK05T50G,S,33711329.86328625,0.0,0.0,0.0,0.0,0.0,0.0,0.0,3.371132986328625e-23,0.0,0.0,0.0,0.0
129,bK05U05G,Sq,66763987.180147395,0.0,0.0,0.0,0.0,0.0,0.0,0.0,6.67639871801474e-23,0.0,0.0,0.0,0.0
130,bK05W00A,Ld,116561843.8085147,0.0,0.0,0.0,0.0,0.0,0.0,0.0,1.165618438085147e-22,0.0,0.0,0.0,0.0
131,bK05Y01Y,S,355377087.9417484,0.0,0.0,0.0,0.0,0.0,0.0,0.0,3.5537708794174843e-22,0.0,0.0,0.0,0.0
132,bK05Y37A,Q,1062811641.2568264,0.0,0.0,0.0,0.0,0.0,0.0,0.0,0.0,0.0,0.0,14151337003.334642,0.0
133,bK06B07X,S,45385870.917709835,0.0,0.0,0.0,0.0,0.0,0.0,0.0,4.538587091770984e-23,0.0,0.0,0.0,0.0
134,bK06B55J,X,148954055.73167172,0.0,0.0,0.0,13107956904.387112,0.0,1489540557.3167171,74477027.86583586,0.0,0.0,0.0,0.0,0.0
135,bK06BE7Z,Sa,14816565.239018835,0.0,0.0,0.0,0.0,0.0,0.0,0.0,7.408282619509418e-24,0.0,0.0,0.0,0.0
136,bK06C00K,Q,8467328.32772895,0.0,0.0,0.0,0.0,0.0,0.0,0.0,0.0,0.0,0.0,112742476.68371096,0.0
137,bK06C00T,U,1062713967.1777639,0.0,0.0,0.0,0.0,0.0,0.0,0.0,0.0,0.0,0.0,0.0,0.0
138,bK06C09L,Sq,531779580.8412909,0.0,0.0,0.0,0.0,0.0,0.0,0.0,5.317795808412909e-22,0.0,0.0,0.0,0.0
139,bK06D00X,Q,116502740.95944521,0.0,0.0,0.0,0.0,0.0,0.0,0.0,0.0,0.0,0.0,1551233995.8750129,0.0
140,bK06F36H,Sk,355404649.5929646,0.0,0.0,0.0,0.0,0.0,0.0,0.0,3.5540464959296463e-22,0.0,0.0,0.0,0.0
141,bK06G00B,T,9844552375.857704,0.0,0.0,0.0,59067314255.146225,0.0,0.0,0.0,0.0,0.0,0.0,0.0,0.0
142,bK06G01B,S,174827772.28838617,0.0,0.0,0.0,0.0,0.0,0.0,0.0,1.7482777228838618e-22,0.0,0.0,0.0,0.0
143,bK06H00C,Sl,14711816.236867221,0.0,0.0,0.0,0.0,0.0,0.0,0.0,1.4711816236867222e-23,0.0,0.0,0.0,0.0
144,bK06H05Z,V,50881543.339613385,0.0,0.0,0.0,0.0,0.0,0.0,0.0,5.088154333961339e-23,0.0,0.0,0.0,0.0
145,bK06H50U,Sq,38647285.86453451,0.0,0.0,0.0,0.0,0.0,0.0,0.0,3.8647285864534514e-23,0.0,0.0,0.0,0.0
146,bK06H50W,O,30255843.93774028,0.0,0.0,0.0,0.0,0.0,0.0,0.0,0.0,0.0,0.0,89708577.27539992,37819804.92217535
147,bK06Q89V,X,25557535.145707723,0.0,0.0,0.0,2249063092.8222795,0.0,255575351.45707723,12778767.572853861,0.0,0.0,0.0,0.0,0.0
148,bK06R01J,Sq,1213870103.3885245,0.0,0.0,0.0,0.0,0.0,0.0,0.0,1.2138701033885247e-21,0.0,0.0,0.0,0.0
149,bK06S05Y,K,714094274.7475173,167812154.56566656,714094.2747475173,714094.2747475173,59269824.80404394,71409427.47475174,4998659.9232326215,714094.2747475173,0.0,0.0,0.0,0.0,0.0
150,bK06S19P,Sq,76292904.95036274,0.0,0.0,0.0,0.0,0.0,0.0,0.0,7.629290495036275e-23,0.0,0.0,0.0,0.0
151,bK06V13P,Q,175593904.6450957,0.0,0.0,0.0,0.0,0.0,0.0,0.0,0.0,0.0,0.0,2338032840.349449,0.0
152,bK06W00B,A,531269405.3634581,0.0,0.0,0.0,0.0,0.0,0.0,0.0,0.0,0.0,0.0,0.0,0.0
153,bK06X00W,C,89200370.3358889,20962087.028933894,89200.3703358889,89200.3703358889,14807261.47575756,17840074.067177784,1248805.1847024448,178400.7406717778,0.0,0.0,0.0,0.0,0.0
154,bK06X04P,V,116407187.6747982,0.0,0.0,0.0,0.0,0.0,0.0,0.0,1.1640718767479822e-22,0.0,0.0,0.0,0.0
155,bK06X04W,V,66571397.55240663,0.0,0.0,0.0,0.0,0.0,0.0,0.0,6.657139755240664e-23,0.0,0.0,0.0,0.0
156,bK06Y00M,Sq,58975732.24833326,0.0,0.0,0.0,0.0,0.0,0.0,0.0,5.897573224833327e-23,0.0,0.0,0.0,0.0
157,bK06Y00P,S,117026877.5179862,0.0,0.0,0.0,0.0,0.0,0.0,0.0,1.170268775179862e-22,0.0,0.0,0.0,0.0
158,bK07A02A,V,44619155.29625233,0.0,0.0,0.0,0.0,0.0,0.0,0.0,4.4619155296252336e-23,0.0,0.0,0.0,0.0
159,bK07C05S,C,22420768.11722185,5268880.5075471345,22420.76811722185,22420.76811722185,3721847.5074588275,4484153.62344437,313890.7536411059,44841.5362344437,0.0,0.0,0.0,0.0,0.0
160,bK07C26M,S,21990725.20062255,0.0,0.0,0.0,0.0,0.0,0.0,0.0,2.1990725200622554e-23,0.0,0.0,0.0,0.0
161,bK07E00C,S,1213977412.1490023,0.0,0.0,0.0,0.0,0.0,0.0,0.0,1.2139774121490024e-21,0.0,0.0,0.0,0.0
162,bK07H00C,Sq,19854085.783537026,0.0,0.0,0.0,0.0,0.0,0.0,0.0,1.9854085783537028e-23,0.0,0.0,0.0,0.0
163,bK07H04L,Sq,87961661.64624462,0.0,0.0,0.0,0.0,0.0,0.0,0.0,8.796166164624462e-23,0.0,0.0,0.0,0.0
164,bK07P09S,S,203037687.84754092,0.0,0.0,0.0,0.0,0.0,0.0,0.0,2.0303768784754092e-22,0.0,0.0,0.0,0.0
165,bK07R08X,S,50926699.041376,0.0,0.0,0.0,0.0,0.0,0.0,0.0,5.092669904137601e-23,0.0,0.0,0.0,0.0
166,bK07R12T,R,116524528.26111157,0.0,0.0,0.0,0.0,0.0,0.0,0.0,1.1652452826111157e-22,0.0,0.0,0.0,0.0
167,bK07R17O,S,8817366.24357767,0.0,0.0,0.0,0.0,0.0,0.0,0.0,8.817366243577671e-24,0.0,0.0,0.0,0.0
168,bK07S06Q,S,1849408057.2419896,0.0,0.0,0.0,0.0,0.0,0.0,0.0,1.8494080572419897e-21,0.0,0.0,0.0,0.0
169,bK07T03H,V,38089049.15511456,0.0,0.0,0.0,0.0,0.0,0.0,0.0,3.8089049155114566e-23,0.0,0.0,0.0,0.0
170,bK07T15F,X,88534507.13599329,0.0,0.0,0.0,7791036627.967409,0.0,885345071.3599329,44267253.56799664,0.0,0.0,0.0,0.0,0.0
171,bK07T71E,Q,66122826.344773605,0.0,0.0,0.0,0.0,0.0,0.0,0.0,0.0,0.0,0.0,880425432.7806605,0.0
172,bK07U01W,S,607926137.0121648,0.0,0.0,0.0,0.0,0.0,0.0,0.0,6.079261370121649e-22,0.0,0.0,0.0,0.0
173,bK07U01Y,V,403934341.42410725,0.0,0.0,0.0,0.0,0.0,0.0,0.0,4.039343414241073e-22,0.0,0.0,0.0,0.0
174,bK07U06P,Sq,403698405.68829024,0.0,0.0,0.0,0.0,0.0,0.0,0.0,4.0369840568829026e-22,0.0,0.0,0.0,0.0
175,bK07V83V,X,75369930.03219934,0.0,0.0,0.0,6632553842.833542,0.0,753699300.3219934,37684965.01609967,0.0,0.0,0.0,0.0,0.0
176,bK07W00A,S,38398707.06861288,0.0,0.0,0.0,0.0,0.0,0.0,0.0,3.839870706861288e-23,0.0,0.0,0.0,0.0
177,bK07Y00F,Sq,33743307.25474362,0.0,0.0,0.0,0.0,0.0,0.0,0.0,3.374330725474362e-23,0.0,0.0,0.0,0.0
178,bK07Y01J,C,8596566.933809275,2020193.2294451795,8596.566933809276,8596.566933809276,1427030.1110123396,1719313.386761855,120351.93707332986,17193.13386761855,0.0,0.0,0.0,0.0,0.0
179,bK07Y56T,A,232833971.81431752,0.0,0.0,0.0,0.0,0.0,0.0,0.0,0.0,0.0,0.0,0.0,0.0
180,bK08A04G,S,37839853.940067016,0.0,0.0,0.0,0.0,0.0,0.0,0.0,3.783985394006702e-23,0.0,0.0,0.0,0.0
181,bK08B02T,Q,65984073.913983986,0.0,0.0,0.0,0.0,0.0,0.0,0.0,0.0,0.0,0.0,878577944.1646967,0.0
182,bK08CB9K,V,51195714.12465009,0.0,0.0,0.0,0.0,0.0,0.0,0.0,5.1195714124650096e-23,0.0,0.0,0.0,0.0
183,bK08D00B,S,8637760.280996356,0.0,0.0,0.0,0.0,0.0,0.0,0.0,8.637760280996357e-24,0.0,0.0,0.0,0.0
184,bK08E85J,Sq,22105199.76459157,0.0,0.0,0.0,0.0,0.0,0.0,0.0,2.2105199764591572e-23,0.0,0.0,0.0,0.0
185,bK08F00O,Sq,306455489.93564576,0.0,0.0,0.0,0.0,0.0,0.0,0.0,3.0645548993564576e-22,0.0,0.0,0.0,0.0
186,bK08F06X,S,25785699.977342892,0.0,0.0,0.0,0.0,0.0,0.0,0.0,2.5785699977342893e-23,0.0,0.0,0.0,0.0
187,bK08F07J,V,6861504.531555785,0.0,0.0,0.0,0.0,0.0,0.0,0.0,6.861504531555786e-24,0.0,0.0,0.0,0.0
188,bK08J00E,X,16463367.893103462,0.0,0.0,0.0,1448776374.5931046,0.0,164633678.93103462,8231683.946551731,0.0,0.0,0.0,0.0,0.0
189,bK08L02G,Sq,19092306.127886824,0.0,0.0,0.0,0.0,0.0,0.0,0.0,1.9092306127886827e-23,0.0,0.0,0.0,0.0
190,bK08L02H,Xk,116577803.01901436,0.0,0.0,0.0,10258846665.673264,0.0,1165778030.1901436,58288901.50950718,0.0,0.0,0.0,0.0,0.0
191,bK08O10N,Cb,19035487.993810523,4473339.678545473,19035.487993810522,19035.487993810522,1579945.5034862736,1903548.7993810524,133248.41595667368,19035.487993810522,0.0,0.0,0.0,0.0,0.0
192,bK08P02G,Sq,531258677.9527131,0.0,0.0,0.0,0.0,0.0,0.0,0.0,5.312586779527131e-22,0.0,0.0,0.0,0.0
193,bK08P04W,Sq,1062294588.8860124,0.0,0.0,0.0,0.0,0.0,0.0,0.0,1.0622945888860125e-21,0.0,0.0,0.0,0.0
194,bK08R01H,D,359255091.2097955,0.0,0.0,0.0,0.0,8262.867097825296,0.0,0.0,0.0,0.0,0.0,0.0,0.0
195,bK08S00A,X,49457139.57004211,0.0,0.0,0.0,4352228282.163706,0.0,494571395.7004211,24728569.785021055,0.0,0.0,0.0,0.0,0.0
196,bK08T03X,K,14497420.385015614,3406893.790478669,14497.420385015615,14497.420385015615,1203285.891956296,1449742.0385015616,101481.9426951093,14497.420385015615,0.0,0.0,0.0,0.0,0.0
197,bK08U03L,S,14681713.381677296,0.0,0.0,0.0,0.0,0.0,0.0,0.0,1.4681713381677296e-23,0.0,0.0,0.0,0.0
198,bK08U95D,S,11046555.486055145,0.0,0.0,0.0,0.0,0.0,0.0,0.0,1.1046555486055146e-23,0.0,0.0,0.0,0.0
199,bK08W94Y,Sq,11390578.541118223,0.0,0.0,0.0,0.0,0.0,0.0,0.0,1.1390578541118224e-23,0.0,0.0,0.0,0.0
200,bK09B00G,Sq,12908902.520435315,0.0,0.0,0.0,0.0,0.0,0.0,0.0,1.2908902520435316e-23,0.0,0.0,0.0,0.0
201,bK09B02F,S,7438611.683181761,0.0,0.0,0.0,0.0,0.0,0.0,0.0,7.438611683181762e-24,0.0,0.0,0.0,0.0
202,bK09B02W,Sr,22248400.59127522,0.0,0.0,0.0,0.0,0.0,0.0,0.0,2.224840059127522e-23,0.0,0.0,0.0,0.0
203,bK09C00V,Sk,66785579.96184826,0.0,0.0,0.0,0.0,0.0,0.0,0.0,6.678557996184827e-23,0.0,0.0,0.0,0.0
204,bK09D04N,K,3236244.5863953815,760517.4778029146,3236.2445863953817,3236.2445863953817,268608.3006708167,323624.45863953815,22653.71210476767,3236.2445863953817,0.0,0.0,0.0,0.0,0.0
205,bK09D12C,Sq,467705146.4526894,0.0,0.0,0.0,0.0,0.0,0.0,0.0,4.677051464526895e-22,0.0,0.0,0.0,0.0
206,bK09D43A,Sq,45308615.77378726,0.0,0.0,0.0,0.0,0.0,0.0,0.0,4.5308615773787264e-23,0.0,0.0,0.0,0.0
207,bK09F04X,Ld,14487326.836748125,0.0,0.0,0.0,0.0,0.0,0.0,0.0,1.4487326836748127e-23,0.0,0.0,0.0,0.0
208,bK09F32S,Sq,8375484.506009595,0.0,0.0,0.0,0.0,0.0,0.0,0.0,8.375484506009595e-24,0.0,0.0,0.0,0.0
209,bK09H00C,Sr,38257212.15762938,0.0,0.0,0.0,0.0,0.0,0.0,0.0,3.8257212157629384e-23,0.0,0.0,0.0,0.0
210,bK09H60E,C,5169277.419559788,1214780.19359655,5169.277419559788,5169.277419559788,858100.0516469248,1033855.4839119576,72369.88387383704,10338.554839119575,0.0,0.0,0.0,0.0,0.0
211,bK09K01Y,Xe,305758094.742923,0.0,0.0,0.0,26906712337.377228,0.0,3057580947.42923,152879047.3714615,0.0,0.0,0.0,0.0,0.0
212,bK09O05S,Q,58813750.30171205,0.0,0.0,0.0,0.0,0.0,0.0,0.0,0.0,0.0,0.0,783105085.267296,0.0
213,bK09P00D,Sr,75967674.54462211,0.0,0.0,0.0,0.0,0.0,0.0,0.0,7.596767454462212e-23,0.0,0.0,0.0,0.0
214,bK09Q34E,Sq,175560382.22969612,0.0,0.0,0.0,0.0,0.0,0.0,0.0,1.7556038222969613e-22,0.0,0.0,0.0,0.0
215,bK09R00H,X,260275462.75893626,0.0,0.0,0.0,22904240722.786392,0.0,2602754627.5893626,130137731.37946813,0.0,0.0,0.0,0.0,0.0
216,bK09R01T,Sq,132687847.42470147,0.0,0.0,0.0,0.0,0.0,0.0,0.0,1.3268784742470148e-22,0.0,0.0,0.0,0.0
217,bK09S18J,X,87967282.7536122,0.0,0.0,0.0,7741120882.317874,0.0,879672827.5361221,43983641.3768061,0.0,0.0,0.0,0.0,0.0
218,bK09T00P,S,175351092.3992133,0.0,0.0,0.0,0.0,0.0,0.0,0.0,1.7535109239921334e-22,0.0,0.0,0.0,0.0
219,bK09U19Y,B,118594334.32330282,27869668.56597616,118594.33432330283,118594.33432330283,1185943343.2330282,0.0,0.0,0.0,0.0,0.0,0.0,0.0,0.0
220,bK09U87Z,S,6882456.964210741,0.0,0.0,0.0,0.0,0.0,0.0,0.0,6.882456964210742e-24,0.0,0.0,0.0,0.0
221,bK09WA5M,S,403942733.2380881,0.0,0.0,0.0,0.0,0.0,0.0,0.0,4.039427332380881e-22,0.0,0.0,0.0,0.0
222,bK09WA6C,S,12529860.010480009,0.0,0.0,0.0,0.0,0.0,0.0,0.0,1.252986001048001e-23,0.0,0.0,0.0,0.0
223,bK09Y00F,S,38146000.03349781,0.0,0.0,0.0,0.0,0.0,0.0,0.0,3.8146000033497814e-23,0.0,0.0,0.0,0.0
224,bK09Y00S,S,16420938.293302037,0.0,0.0,0.0,0.0,0.0,0.0,0.0,1.6420938293302038e-23,0.0,0.0,0.0,0.0
225,bK10C44O,S,45032927.46607898,0.0,0.0,0.0,0.0,0.0,0.0,0.0,4.503292746607898e-23,0.0,0.0,0.0,0.0
226,bK10C55D,S,266407546.28262794,0.0,0.0,0.0,0.0,0.0,0.0,0.0,2.66407546282628e-22,0.0,0.0,0.0,0.0
227,bK10C55E,S,1214005231.688236,0.0,0.0,0.0,0.0,0.0,0.0,0.0,1.214005231688236e-21,0.0,0.0,0.0,0.0
228,bK10E11X,Sq,88198664.46843934,0.0,0.0,0.0,0.0,0.0,0.0,0.0,8.819866446843935e-23,0.0,0.0,0.0,0.0
229,bK10E44N,S,69101058.40151285,0.0,0.0,0.0,0.0,0.0,0.0,0.0,6.910105840151285e-23,0.0,0.0,0.0,0.0
230,bK10F00T,S,10041291.76734925,0.0,0.0,0.0,0.0,0.0,0.0,0.0,1.0041291767349251e-23,0.0,0.0,0.0,0.0
231,bK10F09V,X,28808194.249427825,0.0,0.0,0.0,2535121093.949649,0.0,288081942.49427825,14404097.124713913,0.0,0.0,0.0,0.0,0.0
232,bK10G35C,Sq,44849733.58475088,0.0,0.0,0.0,0.0,0.0,0.0,0.0,4.4849733584750887e-23,0.0,0.0,0.0,0.0
233,bK10H00A,D,59547791.78731844,0.0,0.0,0.0,0.0,1369.599211108324,0.0,0.0,0.0,0.0,0.0,0.0,0.0
234,bK10J01K,S,58860936.88497363,0.0,0.0,0.0,0.0,0.0,0.0,0.0,5.886093688497364e-23,0.0,0.0,0.0,0.0
235,bK10J39T,S,174948897.2089808,0.0,0.0,0.0,0.0,0.0,0.0,0.0,1.7494889720898082e-22,0.0,0.0,0.0,0.0
236,bK10K07V,C,3471669.575993689,815842.3503585168,3471.669575993689,3471.669575993689,576297.1496149524,694333.9151987378,48603.374063911644,6943.339151987378,0.0,0.0,0.0,0.0,0.0
237,bK10K37J,C,59796870.68010033,14052264.609823577,59796.87068010033,59796.87068010033,9926280.532896655,11959374.136020066,837156.1895214047,119593.74136020066,0.0,0.0,0.0,0.0,0.0
238,bK10P49Y,X,690536483.8053136,0.0,0.0,0.0,60767210574.8676,0.0,6905364838.053136,345268241.9026568,0.0,0.0,0.0,0.0,0.0
239,bK10S00F,Sq,14858372.283744978,0.0,0.0,0.0,0.0,0.0,0.0,0.0,1.4858372283744978e-23,0.0,0.0,0.0,0.0
240,bK10S00J,S,133085172.27052711,0.0,0.0,0.0,0.0,0.0,0.0,0.0,1.3308517227052712e-22,0.0,0.0,0.0,0.0
241,bK10S11X,Sq,33662389.02448088,0.0,0.0,0.0,0.0,0.0,0.0,0.0,3.3662389024480884e-23,0.0,0.0,0.0,0.0
242,bK10T00E,V,6210869.129700076,0.0,0.0,0.0,0.0,0.0,0.0,0.0,6.210869129700076e-24,0.0,0.0,0.0,0.0
243,bK10T19K,Sl,28554166.890030984,0.0,0.0,0.0,0.0,0.0,0.0,0.0,2.8554166890030985e-23,0.0,0.0,0.0,0.0
244,bK10U00P,Sq,38264622.98098151,0.0,0.0,0.0,0.0,0.0,0.0,0.0,3.826462298098151e-23,0.0,0.0,0.0,0.0
245,bK10V01B,Xc,601239693.6989291,0.0,0.0,0.0,52909093045.50576,0.0,6012396936.98929,300619846.84946454,0.0,0.0,0.0,0.0,3006198.4684946453
246,bK10V11Z,V,10923270.42153786,0.0,0.0,0.0,0.0,0.0,0.0,0.0,1.0923270421537861e-23,0.0,0.0,0.0,0.0
247,bK10W00B,V,88653773.22198738,0.0,0.0,0.0,0.0,0.0,0.0,0.0,8.865377322198738e-23,0.0,0.0,0.0,0.0
248,bK10W07R,V,202748356.5647833,0.0,0.0,0.0,0.0,0.0,0.0,0.0,2.0274835656478333e-22,0.0,0.0,0.0,0.0
249,bK10W08U,Sq,76361985.52185807,0.0,0.0,0.0,0.0,0.0,0.0,0.0,7.636198552185807e-23,0.0,0.0,0.0,0.0
250,bK10W09A,L,10587125.899517631,0.0,0.0,0.0,0.0,0.0,0.0,0.0,1.0587125899517632e-23,0.0,74109881.29662342,0.0,0.0
251,bK10X03F,Sq,59609948.43526824,0.0,0.0,0.0,0.0,0.0,0.0,0.0,5.960994843526824e-23,0.0,0.0,0.0,0.0
252,bK11A03B,Ld,202676316.09544352,0.0,0.0,0.0,0.0,0.0,0.0,0.0,2.0267631609544354e-22,0.0,0.0,0.0,0.0
253,bK11A04U,Xk,13370928.45726453,0.0,0.0,0.0,1176641704.2392786,0.0,133709284.57264529,6685464.228632265,0.0,0.0,0.0,0.0,0.0
254,bK11A23A,S,132821819.1484404,0.0,0.0,0.0,0.0,0.0,0.0,0.0,1.3282181914844043e-22,0.0,0.0,0.0,0.0
255,bK11A24M,V,12773181710.267742,0.0,0.0,0.0,0.0,0.0,0.0,0.0,1.2773181710267743e-20,0.0,0.0,0.0,0.0
256,bK11A37A,S,531420784.59307563,0.0,0.0,0.0,0.0,0.0,0.0,0.0,5.314207845930757e-22,0.0,0.0,0.0,0.0
257,bK11A37B,Xk,13460274.378362957,0.0,0.0,0.0,1184504145.2959402,0.0,134602743.78362957,6730137.189181479,0.0,0.0,0.0,0.0,0.0
258,bK11B40P,Sq,10125367.844197696,0.0,0.0,0.0,0.0,0.0,0.0,0.0,1.0125367844197697e-23,0.0,0.0,0.0,0.0
259,bK11C02G,U,3672635000.097551,0.0,0.0,0.0,0.0,0.0,0.0,0.0,0.0,0.0,0.0,0.0,0.0
260,bK11C07Y,X,38310876.55259276,0.0,0.0,0.0,3371357136.628163,0.0,383108765.5259276,19155438.27629638,0.0,0.0,0.0,0.0,0.0
261,bK11C14O,Xk,43554297.17603984,0.0,0.0,0.0,3832778151.4915056,0.0,435542971.7603984,21777148.58801992,0.0,0.0,0.0,0.0,0.0
262,bK11C22E,S,14153571.702929342,0.0,0.0,0.0,0.0,0.0,0.0,0.0,1.4153571702929344e-23,0.0,0.0,0.0,0.0
263,bK11D00R,Sq,8894911.397910876,0.0,0.0,0.0,0.0,0.0,0.0,0.0,8.894911397910876e-24,0.0,0.0,0.0,0.0
264,bK11D00V,S,11126408071.25063,0.0,0.0,0.0,0.0,0.0,0.0,0.0,1.112640807125063e-20,0.0,0.0,0.0,0.0
265,bK11D09T,Q,19430854.266837053,0.0,0.0,0.0,0.0,0.0,0.0,0.0,0.0,0.0,0.0,258721824.56293535,0.0
266,bK11E00K,Sq,933191950.9818074,0.0,0.0,0.0,0.0,0.0,0.0,0.0,9.331919509818074e-22,0.0,0.0,0.0,0.0
267,bK11E04S,S,7267883.61585285,0.0,0.0,0.0,0.0,0.0,0.0,0.0,7.26788361585285e-24,0.0,0.0,0.0,0.0
268,bK11E04X,Sa,44901586.610460654,0.0,0.0,0.0,0.0,0.0,0.0,0.0,2.245079330523033e-23,0.0,0.0,0.0,0.0
269,bK11E41E,O,33777912.81924341,0.0,0.0,0.0,0.0,0.0,0.0,0.0,0.0,0.0,0.0,100151511.5090567,42222391.02405426
270,bK11F09S,S,175397788.18137875,0.0,0.0,0.0,0.0,0.0,0.0,0.0,1.7539778818137877e-22,0.0,0.0,0.0,0.0
271,bK11F29Q,Sq,16515573.98455634,0.0,0.0,0.0,0.0,0.0,0.0,0.0,1.6515573984556342e-23,0.0,0.0,0.0,0.0
272,bK11G59R,Q,155955373.8824857,0.0,0.0,0.0,0.0,0.0,0.0,0.0,0.0,0.0,0.0,2076545803.245297,0.0
273,bK11G60D,Sr,1849250169.1376646,0.0,0.0,0.0,0.0,0.0,0.0,0.0,1.849250169137665e-21,0.0,0.0,0.0,0.0
274,bK11H05N,T,11079250.45630208,0.0,0.0,0.0,66475502.73781248,0.0,0.0,0.0,0.0,0.0,0.0,0.0,0.0
275,bK11H05O,S,66785619.99452006,0.0,0.0,0.0,0.0,0.0,0.0,0.0,6.678561999452006e-23,0.0,0.0,0.0,0.0
276,bK11H24O,V,25458999.437617023,0.0,0.0,0.0,0.0,0.0,0.0,0.0,2.5458999437617024e-23,0.0,0.0,0.0,0.0
277,bK11H24P,S,8640500.99094763,0.0,0.0,0.0,0.0,0.0,0.0,0.0,8.64050099094763e-24,0.0,0.0,0.0,0.0
278,bK11L02Z,C,9036049.616126388,2123471.659789701,9036.049616126389,9036.049616126389,1499984.2362769805,1807209.9232252778,126504.69462576944,18072.099232252778,0.0,0.0,0.0,0.0,0.0
279,bK11M01W,Sq,1062107907.4524146,0.0,0.0,0.0,0.0,0.0,0.0,0.0,1.0621079074524148e-21,0.0,0.0,0.0,0.0
280,bK11M03Q,Ld,33226476.947564013,0.0,0.0,0.0,0.0,0.0,0.0,0.0,3.3226476947564016e-23,0.0,0.0,0.0,0.0
281,bK11O57B,S,6287774.60446916,0.0,0.0,0.0,0.0,0.0,0.0,0.0,6.28777460446916e-24,0.0,0.0,0.0,0.0
282,bK11SI9H,S,88441391.67410268,0.0,0.0,0.0,0.0,0.0,0.0,0.0,8.844139167410269e-23,0.0,0.0,0.0,0.0
283,bK11U10K,S,22621231.561856482,0.0,0.0,0.0,0.0,0.0,0.0,0.0,2.2621231561856484e-23,0.0,0.0,0.0,0.0
284,bK11U63P,X,260908258.65283367,0.0,0.0,0.0,22959926761.449364,0.0,2609082586.5283365,130454129.32641684,0.0,0.0,0.0,0.0,0.0
285,bK11U63V,V,2450317080.246084,0.0,0.0,0.0,0.0,0.0,0.0,0.0,2.4503170802460843e-21,0.0,0.0,0.0,0.0
286,bK11UR5X,X,16511891.93535063,0.0,0.0,0.0,1453046490.3108554,0.0,165118919.3535063,8255945.967675315,0.0,0.0,0.0,0.0,0.0
287,bK11UT2C,Sq,532104051.51035154,0.0,0.0,0.0,0.0,0.0,0.0,0.0,5.321040515103516e-22,0.0,0.0,0.0,0.0
288,bK11W02U,Q,33632870.1913512,0.0,0.0,0.0,0.0,0.0,0.0,0.0,0.0,0.0,0.0,447821666.5978412,0.0
289,bK11Y10P,S,45364713.39905025,0.0,0.0,0.0,0.0,0.0,0.0,0.0,4.5364713399050254e-23,0.0,0.0,0.0,0.0
290,bK11Y62T,K,475115278.94028336,111652090.55096658,475115.27894028334,475115.27894028334,39434568.15204352,47511527.894028336,3325806.9525819835,475115.27894028334,0.0,0.0,0.0,0.0,0.0
291,bK11Y74U,S,403855139.55086964,0.0,0.0,0.0,0.0,0.0,0.0,0.0,4.0385513955086967e-22,0.0,0.0,0.0,0.0
292,bK12B01N,S,12620028.31085762,0.0,0.0,0.0,0.0,0.0,0.0,0.0,1.2620028310857622e-23,0.0,0.0,0.0,0.0
293,bK12B13V,S,1213913680.836718,0.0,0.0,0.0,0.0,0.0,0.0,0.0,1.2139136808367182e-21,0.0,0.0,0.0,0.0
294,bK12B14B,Sq,24988935.643903453,0.0,0.0,0.0,0.0,0.0,0.0,0.0,2.4988935643903455e-23,0.0,0.0,0.0,0.0
295,bK12B35A,Sk,132646015.48485479,0.0,0.0,0.0,0.0,0.0,0.0,0.0,1.326460154848548e-22,0.0,0.0,0.0,0.0
296,bK12C46P,X,17093447.224610623,0.0,0.0,0.0,1504223355.765735,0.0,170934472.24610624,8546723.612305311,0.0,0.0,0.0,0.0,0.0
297,bK12D04K,S,175155996.63190806,0.0,0.0,0.0,0.0,0.0,0.0,0.0,1.7515599663190808e-22,0.0,0.0,0.0,0.0
298,bK12D30S,Sq,6312701.255997427,0.0,0.0,0.0,0.0,0.0,0.0,0.0,6.3127012559974276e-24,0.0,0.0,0.0,0.0
299,bK12D32Y,S,607606325.9305476,0.0,0.0,0.0,0.0,0.0,0.0,0.0,6.076063259305477e-22,0.0,0.0,0.0,0.0
300,bK12D60T,Xk,2753151498.315495,0.0,0.0,0.0,242277331851.76355,0.0,27531514983.15495,1376575749.1577475,0.0,0.0,0.0,0.0,0.0
301,bK12E00C,X,522206301.8849737,0.0,0.0,0.0,45954154565.877686,0.0,5222063018.849737,261103150.94248685,0.0,0.0,0.0,0.0,0.0
302,bK12F23V,X,28584770.35201748,0.0,0.0,0.0,2515459790.977538,0.0,285847703.5201748,14292385.17600874,0.0,0.0,0.0,0.0,0.0
303,bK12F35X,C,4512474.964401663,1060431.6166343908,4512.474964401664,4512.474964401664,749070.8440906762,902494.9928803327,63174.64950162329,9024.949928803328,0.0,0.0,0.0,0.0,0.0
304,bK12G05A,S,75910043.0197424,0.0,0.0,0.0,0.0,0.0,0.0,0.0,7.59100430197424e-23,0.0,0.0,0.0,0.0
305,bK12G11V,S,1062475698.5016867,0.0,0.0,0.0,0.0,0.0,0.0,0.0,1.0624756985016868e-21,0.0,0.0,0.0,0.0
306,bK12H00M,O,44991098.64454501,0.0,0.0,0.0,0.0,0.0,0.0,0.0,0.0,0.0,0.0,133398607.48107596,56238873.305681266
307,bK12H02B,S,8830657.779164048,0.0,0.0,0.0,0.0,0.0,0.0,0.0,8.830657779164049e-24,0.0,0.0,0.0,0.0
308,bK12H25C,S,8146963.208507952,0.0,0.0,0.0,0.0,0.0,0.0,0.0,8.146963208507953e-24,0.0,0.0,0.0,0.0
309,bK12H31H,Sr,133230796.28015962,0.0,0.0,0.0,0.0,0.0,0.0,0.0,1.3323079628015962e-22,0.0,0.0,0.0,0.0
310,bK12H31K,Xk,28929410.836070113,0.0,0.0,0.0,2545788153.57417,0.0,289294108.36070114,14464705.418035056,0.0,0.0,0.0,0.0,0.0
311,bK12K04B,Sq,14430687.695863808,0.0,0.0,0.0,0.0,0.0,0.0,0.0,1.443068769586381e-23,0.0,0.0,0.0,0.0
312,bK12L04F,K,25715469.13959887,6043135.247805734,25715.46913959887,25715.46913959887,2134383.9385867063,2571546.913959887,180008.2839771921,25715.46913959887,0.0,0.0,0.0,0.0,0.0
313,bK12M07D,Sq,88068612.11819509,0.0,0.0,0.0,0.0,0.0,0.0,0.0,8.80686121181951e-23,0.0,0.0,0.0,0.0
314,bK12P20B,S,28351261.84139519,0.0,0.0,0.0,0.0,0.0,0.0,0.0,2.835126184139519e-23,0.0,0.0,0.0,0.0
315,bK12TN1P,Sq,28723814.069368914,0.0,0.0,0.0,0.0,0.0,0.0,0.0,2.8723814069368916e-23,0.0,0.0,0.0,0.0
316,bK12U34E,S,266177266.70266232,0.0,0.0,0.0,0.0,0.0,0.0,0.0,2.6617726670266233e-22,0.0,0.0,0.0,0.0
317,bK12U68U,Sk,403341939.8918064,0.0,0.0,0.0,0.0,0.0,0.0,0.0,4.0334193989180643e-22,0.0,0.0,0.0,0.0
318,bK12U68W,Sq,33614493.28193276,0.0,0.0,0.0,0.0,0.0,0.0,0.0,3.361449328193276e-23,0.0,0.0,0.0,0.0
319,bK12U68X,V,88694809.22925171,0.0,0.0,0.0,0.0,0.0,0.0,0.0,8.869480922925172e-23,0.0,0.0,0.0,0.0
320,bK12U68Y,Sq,24924640.144009065,0.0,0.0,0.0,0.0,0.0,0.0,0.0,2.4924640144009067e-23,0.0,0.0,0.0,0.0
321,bK12UD6X,Cb,5653092.36415157,1328476.705575619,5653.09236415157,5653.09236415157,469206.6662245803,565309.236415157,39571.64654906099,5653.09236415157,0.0,0.0,0.0,0.0,0.0
322,bK12UH1K,O,28546016.642966185,0.0,0.0,0.0,0.0,0.0,0.0,0.0,0.0,0.0,0.0,84638939.34639473,35682520.803707734
323,bK12V05K,Sl,32862505.47166685,0.0,0.0,0.0,0.0,0.0,0.0,0.0,3.2862505471666853e-23,0.0,0.0,0.0,0.0
324,bK12V06M,S,17212157.715522267,0.0,0.0,0.0,0.0,0.0,0.0,0.0,1.7212157715522267e-23,0.0,0.0,0.0,0.0
325,bK12W00H,X,25501840.616131794,0.0,0.0,0.0,2244161974.219598,0.0,255018406.16131794,12750920.308065897,0.0,0.0,0.0,0.0,0.0
326,bK12X55F,X,1044021778.6085762,0.0,0.0,0.0,91873916517.5547,0.0,10440217786.085762,522010889.3042881,0.0,0.0,0.0,0.0,0.0
327,bK12XD2Z,Sq,38057937.87384383,0.0,0.0,0.0,0.0,0.0,0.0,0.0,3.805793787384383e-23,0.0,0.0,0.0,0.0
328,bK12Y07D,S,66182991.35123985,0.0,0.0,0.0,0.0,0.0,0.0,0.0,6.618299135123986e-23,0.0,0.0,0.0,0.0
329,bK13A27T,Xk,13333688.0953303,0.0,0.0,0.0,1173364552.3890665,0.0,133336880.953303,6666844.04766515,0.0,0.0,0.0,0.0,0.0
330,bK13A53G,V,28838048.152133215,0.0,0.0,0.0,0.0,0.0,0.0,0.0,2.8838048152133215e-23,0.0,0.0,0.0,0.0
331,bK13C87W,X,15355720.86309228,0.0,0.0,0.0,1351303435.9521208,0.0,153557208.6309228,7677860.43154614,0.0,0.0,0.0,0.0,0.0
332,bK13D00B,Sq,10643448.292966051,0.0,0.0,0.0,0.0,0.0,0.0,0.0,1.0643448292966051e-23,0.0,0.0,0.0,0.0
333,bK13E89M,Sq,6399508.170206403,0.0,0.0,0.0,0.0,0.0,0.0,0.0,6.399508170206404e-24,0.0,0.0,0.0,0.0
334,bK13G03N,X,344170886.2179208,0.0,0.0,0.0,30287037987.17703,0.0,3441708862.179208,172085443.1089604,0.0,0.0,0.0,0.0,0.0
335,bK13H00O,Sq,7299567.133591361,0.0,0.0,0.0,0.0,0.0,0.0,0.0,7.299567133591362e-24,0.0,0.0,0.0,0.0
336,bK13H11O,S,403319232.9044415,0.0,0.0,0.0,0.0,0.0,0.0,0.0,4.033192329044415e-22,0.0,0.0,0.0,0.0
337,bK13H11P,S,15002676.81253079,0.0,0.0,0.0,0.0,0.0,0.0,0.0,1.500267681253079e-23,0.0,0.0,0.0,0.0
338,bK13J07O,Q,6386901.967875327,0.0,0.0,0.0,0.0,0.0,0.0,0.0,0.0,0.0,0.0,85041599.70225997,0.0
339,bK13P07A,S,806618726.5773988,0.0,0.0,0.0,0.0,0.0,0.0,0.0,8.066187265773988e-22,0.0,0.0,0.0,0.0
340,bK13P38Y,Q,37796742.33694516,0.0,0.0,0.0,0.0,0.0,0.0,0.0,0.0,0.0,0.0,503263624.2164248,0.0
341,bK13P39A,Sq,6491064.903689121,0.0,0.0,0.0,0.0,0.0,0.0,0.0,6.4910649036891216e-24,0.0,0.0,0.0,0.0
342,bK13Q10M,L,59084130.25796774,0.0,0.0,0.0,0.0,0.0,0.0,0.0,5.908413025796775e-23,0.0,413588911.8057742,0.0,0.0
343,bK13R09V,Sq,175083739.23166308,0.0,0.0,0.0,0.0,0.0,0.0,0.0,1.750837392316631e-22,0.0,0.0,0.0,0.0
344,bK13S20B,K,17249921.113905814,4053731.461767866,17249.921113905813,17249.921113905813,1431743.4524541826,1724992.1113905814,120749.44779734069,17249.921113905813,0.0,0.0,0.0,0.0,0.0
345,bK13S20M,S,22347027.87886795,0.0,0.0,0.0,0.0,0.0,0.0,0.0,2.2347027878867953e-23,0.0,0.0,0.0,0.0
346,bK13U01S,Sr,11209490.612644002,0.0,0.0,0.0,0.0,0.0,0.0,0.0,1.1209490612644003e-23,0.0,0.0,0.0,0.0
347,bK13U03B,S,8022449.44014968,0.0,0.0,0.0,0.0,0.0,0.0,0.0,8.02244944014968e-24,0.0,0.0,0.0,0.0
348,bK13U09M,C,22974227.21093059,5398943.394568688,22974.22721093059,22974.22721093059,3813721.717014478,4594845.442186118,321639.18095302826,45948.45442186118,0.0,0.0,0.0,0.0,0.0
349,bK13V13M,S,116295349.83732532,0.0,0.0,0.0,0.0,0.0,0.0,0.0,1.1629534983732533e-22,0.0,0.0,0.0,0.0
350,bK13W44A,Xe,404636005.4763897,0.0,0.0,0.0,35607968481.922295,0.0,4046360054.763897,202318002.73819485,0.0,0.0,0.0,0.0,0.0
351,bK13X20Y,S,11199698.328959888,0.0,0.0,0.0,0.0,0.0,0.0,0.0,1.1199698328959888e-23,0.0,0.0,0.0,0.0
352,bK13X22A,C,238110910.98729944,55956064.082015365,238110.91098729946,238110.91098729946,39526411.22389171,47622182.19745989,3333552.753822192,476221.8219745989,0.0,0.0,0.0,0.0,0.0
353,bK13Y00G,Sq,14364469.621331707,0.0,0.0,0.0,0.0,0.0,0.0,0.0,1.4364469621331707e-23,0.0,0.0,0.0,0.0
354,bK13Y02M,L,9671365.332506271,0.0,0.0,0.0,0.0,0.0,0.0,0.0,9.671365332506271e-24,0.0,67699557.3275439,0.0,0.0
355,bK13Y02R,Sk,76026037.68745576,0.0,0.0,0.0,0.0,0.0,0.0,0.0,7.602603768745577e-23,0.0,0.0,0.0,0.0
356,bK14A05G,Sl,705797311.5233841,0.0,0.0,0.0,0.0,0.0,0.0,0.0,7.057973115233842e-22,0.0,0.0,0.0,0.0
357,bK14B32T,Sq,25562374.280706517,0.0,0.0,0.0,0.0,0.0,0.0,0.0,2.556237428070652e-23,0.0,0.0,0.0,0.0
358,bK14C13H,Q,59333156.54001904,0.0,0.0,0.0,0.0,0.0,0.0,0.0,0.0,0.0,0.0,790020979.3303535,0.0
359,bK14C13S,X,199455937.12511715,0.0,0.0,0.0,17552122467.01031,0.0,1994559371.2511716,99727968.56255858,0.0,0.0,0.0,0.0,0.0
360,bK14D00Q,S,37823949.91266376,0.0,0.0,0.0,0.0,0.0,0.0,0.0,3.782394991266376e-23,0.0,0.0,0.0,0.0
361,bK14D23F,T,23221848.048495192,0.0,0.0,0.0,139331088.29097116,0.0,0.0,0.0,0.0,0.0,0.0,0.0,0.0
362,bK14DB0V,V,28948198.736418746,0.0,0.0,0.0,0.0,0.0,0.0,0.0,2.894819873641875e-23,0.0,0.0,0.0,0.0
363,bK14DB2D,Sq,155392314.96188667,0.0,0.0,0.0,0.0,0.0,0.0,0.0,1.5539231496188668e-22,0.0,0.0,0.0,0.0
364,bK14F37R,Sq,467927418.56782407,0.0,0.0,0.0,0.0,0.0,0.0,0.0,4.679274185678241e-22,0.0,0.0,0.0,0.0
365,bK14F38K,X,38041667.69467845,0.0,0.0,0.0,3347666757.1317034,0.0,380416676.9467845,19020833.847339224,0.0,0.0,0.0,0.0,0.0
366,bK14F43Z,C,360033153.10685223,84607790.98011027,360033.15310685226,360033.15310685226,59765503.41573747,72006630.62137045,5040464.143495931,720066.3062137045,0.0,0.0,0.0,0.0,0.0
367,bK14F44A,Sq,33361043.407151338,0.0,0.0,0.0,0.0,0.0,0.0,0.0,3.336104340715134e-23,0.0,0.0,0.0,0.0
368,bK14F47P,S,1062290686.3175453,0.0,0.0,0.0,0.0,0.0,0.0,0.0,1.0622906863175453e-21,0.0,0.0,0.0,0.0
369,bK14G01J,S,75951571.60665701,0.0,0.0,0.0,0.0,0.0,0.0,0.0,7.595157160665702e-23,0.0,0.0,0.0,0.0
370,bK14G34D,V,11356593.200658424,0.0,0.0,0.0,0.0,0.0,0.0,0.0,1.1356593200658425e-23,0.0,0.0,0.0,0.0
371,bK14H02O,K,3272262.5858961623,768981.707685598,3272.2625858961624,3272.2625858961624,271597.7946293815,327226.2585896163,22905.838101273137,3272.2625858961624,0.0,0.0,0.0,0.0,0.0
372,bK14HC3H,V,59443204.441082485,0.0,0.0,0.0,0.0,0.0,0.0,0.0,5.944320444108249e-23,0.0,0.0,0.0,0.0
373,bK14J54V,Sr,7005049.761354626,0.0,0.0,0.0,0.0,0.0,0.0,0.0,7.005049761354627e-24,0.0,0.0,0.0,0.0
374,bK14J54X,U,59394388.12749811,0.0,0.0,0.0,0.0,0.0,0.0,0.0,0.0,0.0,0.0,0.0,0.0
375,bK14J55J,Sq,17246203.15146284,0.0,0.0,0.0,0.0,0.0,0.0,0.0,1.7246203151462842e-23,0.0,0.0,0.0,0.0
376,bK14K39F,C,8295967.4379892675,1949552.3479274777,8295.967437989268,8295.967437989268,1377130.5947062185,1659193.4875978536,116143.54413184975,16591.934875978535,0.0,0.0,0.0,0.0,0.0
377,bK14L21K,S,7199266.550100362,0.0,0.0,0.0,0.0,0.0,0.0,0.0,7.199266550100363e-24,0.0,0.0,0.0,0.0
378,bK14L26L,T,8849825.777512318,0.0,0.0,0.0,53098954.6650739,0.0,0.0,0.0,0.0,0.0,0.0,0.0,0.0
379,bK14M00P,S,6627176.314979618,0.0,0.0,0.0,0.0,0.0,0.0,0.0,6.627176314979619e-24,0.0,0.0,0.0,0.0
380,bK14M06A,O,25951375.76607524,0.0,0.0,0.0,0.0,0.0,0.0,0.0,0.0,0.0,0.0,76945829.14641307,32439219.70759405
381,bK14M17Z,Sr,88170617.09889276,0.0,0.0,0.0,0.0,0.0,0.0,0.0,8.817061709889277e-23,0.0,0.0,0.0,0.0
382,bK14N52L,Sq,175677441.28144735,0.0,0.0,0.0,0.0,0.0,0.0,0.0,1.7567744128144737e-22,0.0,0.0,0.0,0.0
383,bK14N64Z,B,238498184.0702384,56047073.256506026,238498.1840702384,238498.1840702384,2384981840.702384,0.0,0.0,0.0,0.0,0.0,0.0,0.0,0.0
384,bK14O03V,S,306438070.64235955,0.0,0.0,0.0,0.0,0.0,0.0,0.0,3.0643807064235956e-22,0.0,0.0,0.0,0.0
385,bK14O04C,Sq,12886551.046762925,0.0,0.0,0.0,0.0,0.0,0.0,0.0,1.2886551046762926e-23,0.0,0.0,0.0,0.0
386,bK14Q33H,V,66504643.5929663,0.0,0.0,0.0,0.0,0.0,0.0,0.0,6.650464359296631e-23,0.0,0.0,0.0,0.0
387,bK14Q33J,S,155625846.85716587,0.0,0.0,0.0,0.0,0.0,0.0,0.0,1.556258468571659e-22,0.0,0.0,0.0,0.0
388,bK14S01L,Xc,12335171.941630136,0.0,0.0,0.0,1085495130.863452,0.0,123351719.41630137,6167585.970815068,0.0,0.0,0.0,0.0,61675.85970815068
389,bK14S01U,Sq,22074266.18487586,0.0,0.0,0.0,0.0,0.0,0.0,0.0,2.2074266184875863e-23,0.0,0.0,0.0,0.0
390,bK14SE3T,Sr,132642390.97113632,0.0,0.0,0.0,0.0,0.0,0.0,0.0,1.3264239097113632e-22,0.0,0.0,0.0,0.0
391,bK14SQ2J,S,13412829.897349859,0.0,0.0,0.0,0.0,0.0,0.0,0.0,1.341282989734986e-23,0.0,0.0,0.0,0.0
392,bK14SU4D,Sa,22637067.714655403,0.0,0.0,0.0,0.0,0.0,0.0,0.0,1.1318533857327702e-23,0.0,0.0,0.0,0.0
393,bK14T00U,S,21861964.955318842,0.0,0.0,0.0,0.0,0.0,0.0,0.0,2.1861964955318844e-23,0.0,0.0,0.0,0.0
394,bK14U00Y,Sl,16940059.561417535,0.0,0.0,0.0,0.0,0.0,0.0,0.0,1.6940059561417536e-23,0.0,0.0,0.0,0.0
395,bK14U07X,L,11483890.898394272,0.0,0.0,0.0,0.0,0.0,0.0,0.0,1.1483890898394273e-23,0.0,80387236.2887599,0.0,0.0
396,bK14U34V,Sq,28645323.59049091,0.0,0.0,0.0,0.0,0.0,0.0,0.0,2.8645323590490915e-23,0.0,0.0,0.0,0.0
397,bK14UB4N,Sq,51053986.43270122,0.0,0.0,0.0,0.0,0.0,0.0,0.0,5.105398643270123e-23,0.0,0.0,0.0,0.0
398,bK14V02G,Cb,309616953.87122154,72759984.15973707,309616.9538712216,309616.9538712216,25698207.17131139,30961695.387122154,2167318.677098551,309616.9538712216,0.0,0.0,0.0,0.0,0.0
399,bK14W05C,X,75392955.29273324,0.0,0.0,0.0,6634580065.760525,0.0,753929552.9273324,37696477.64636662,0.0,0.0,0.0,0.0,0.0
400,bK14WK1F,Sq,10785679.484545507,0.0,0.0,0.0,0.0,0.0,0.0,0.0,1.0785679484545508e-23,0.0,0.0,0.0,0.0
401,bK14WK2W,U,59348088.371423736,0.0,0.0,0.0,0.0,0.0,0.0,0.0,0.0,0.0,0.0,0.0,0.0
402,bK14Y00D,S,69075912.14193363,0.0,0.0,0.0,0.0,0.0,0.0,0.0,6.907591214193364e-23,0.0,0.0,0.0,0.0
403,bK14Y00F,Sq,706626154.1042079,0.0,0.0,0.0,0.0,0.0,0.0,0.0,7.066261541042079e-22,0.0,0.0,0.0,0.0
404,bK14Y00N,X,19293576.346059926,0.0,0.0,0.0,1697834718.4532735,0.0,192935763.46059924,9646788.173029963,0.0,0.0,0.0,0.0,0.0
405,bK14Y34T,Q,37935073.25228668,0.0,0.0,0.0,0.0,0.0,0.0,0.0,0.0,0.0,0.0,505105500.35419714,0.0
406,bK15A44D,Sl,219164438.3242703,0.0,0.0,0.0,0.0,0.0,0.0,0.0,2.191644383242703e-22,0.0,0.0,0.0,0.0
407,bK15B92G,A,22334325.213026036,0.0,0.0,0.0,0.0,0.0,0.0,0.0,0.0,0.0,0.0,0.0,0.0
408,bK15Bp0M,Q,22561629.1861966,0.0,0.0,0.0,0.0,0.0,0.0,0.0,0.0,0.0,0.0,300408092.6142077,0.0
409,bK15DK0K,C,5134492.500129192,1206605.73753036,5134.492500129192,5134.492500129192,852325.7550214459,1026898.5000258385,71882.89500180869,10268.985000258384,0.0,0.0,0.0,0.0,0.0
410,bK15DL5J,U,88700748.99975613,0.0,0.0,0.0,0.0,0.0,0.0,0.0,0.0,0.0,0.0,0.0,0.0
411,bK15E07F,Sq,59319298.34813059,0.0,0.0,0.0,0.0,0.0,0.0,0.0,5.93192983481306e-23,0.0,0.0,0.0,0.0
412,bK15E07O,Sq,11385717.570718879,0.0,0.0,0.0,0.0,0.0,0.0,0.0,1.138571757071888e-23,0.0,0.0,0.0,0.0
413,bK15E07Q,S,175540576.4182385,0.0,0.0,0.0,0.0,0.0,0.0,0.0,1.755405764182385e-22,0.0,0.0,0.0,0.0
414,bK15F33N,Sq,8300820.192758802,0.0,0.0,0.0,0.0,0.0,0.0,0.0,8.300820192758803e-24,0.0,0.0,0.0,0.0
415,bK15F36G,O,79158309.04668668,0.0,0.0,0.0,0.0,0.0,0.0,0.0,0.0,0.0,0.0,234704386.32342598,98947886.30835834
416,bK15FS4X,S,59122911.13054489,0.0,0.0,0.0,0.0,0.0,0.0,0.0,5.91229111305449e-23,0.0,0.0,0.0,0.0
417,bK15FY1A,S,66269975.78757808,0.0,0.0,0.0,0.0,0.0,0.0,0.0,6.626997578757809e-23,0.0,0.0,0.0,0.0
418,bK15HI2Q,Sa,25608262.808261428,0.0,0.0,0.0,0.0,0.0,0.0,0.0,1.2804131404130715e-23,0.0,0.0,0.0,0.0
419,bK15J03D,Ch,7078607.323633891,1663472.7210539642,7078.607323633891,7078.607323633891,1175048.815723226,1415721.4647267782,99100.50253087447,14157.214647267781,0.0,0.0,0.0,0.0,0.0
420,bK15K00J,Sa,174966602.445087,0.0,0.0,0.0,0.0,0.0,0.0,0.0,8.74833012225435e-23,0.0,0.0,0.0,0.0
421,bK15K19F,S,1062551215.3334185,0.0,0.0,0.0,0.0,0.0,0.0,0.0,1.0625512153334185e-21,0.0,0.0,0.0,0.0
422,bK15KC0R,Xc,1043454979.8375483,0.0,0.0,0.0,91824038225.70425,0.0,10434549798.375483,521727489.9187741,0.0,0.0,0.0,0.0,5217274.899187742
423,bK15KC1T,S,6820371.1857695915,0.0,0.0,0.0,0.0,0.0,0.0,0.0,6.820371185769592e-24,0.0,0.0,0.0,0.0
424,bK15KF4U,S,25444800.311760087,0.0,0.0,0.0,0.0,0.0,0.0,0.0,2.544480031176009e-23,0.0,0.0,0.0,0.0
425,bK15L00J,L,38238717.78379856,0.0,0.0,0.0,0.0,0.0,0.0,0.0,3.8238717783798565e-23,0.0,267671024.4865899,0.0,0.0
426,bK15L21E,S,33248743.71692624,0.0,0.0,0.0,0.0,0.0,0.0,0.0,3.324874371692624e-23,0.0,0.0,0.0,0.0
427,bK15L24V,Q,203127580.40585598,0.0,0.0,0.0,0.0,0.0,0.0,0.0,0.0,0.0,0.0,2704643733.1039724,0.0
428,bK15M00C,Sl,88002462.37719007,0.0,0.0,0.0,0.0,0.0,0.0,0.0,8.800246237719008e-23,0.0,0.0,0.0,0.0
429,bK15M54B,S,93981620.18221097,0.0,0.0,0.0,0.0,0.0,0.0,0.0,9.398162018221098e-23,0.0,0.0,0.0,0.0
430,bK15N13G,O,14242593.30120163,0.0,0.0,0.0,0.0,0.0,0.0,0.0,0.0,0.0,0.0,42229289.138062835,17803241.626502037
431,bK15N14A,Sq,1608998289.511802,0.0,0.0,0.0,0.0,0.0,0.0,0.0,1.608998289511802e-21,0.0,0.0,0.0,0.0
432,bK15O00V,Sq,175155261.50045365,0.0,0.0,0.0,0.0,0.0,0.0,0.0,1.7515526150045368e-22,0.0,0.0,0.0,0.0
433,bK15P57L,V,9735499.346360933,0.0,0.0,0.0,0.0,0.0,0.0,0.0,9.735499346360934e-24,0.0,0.0,0.0,0.0
434,bK15R01T,Sr,14633276.982339943,0.0,0.0,0.0,0.0,0.0,0.0,0.0,1.4633276982339944e-23,0.0,0.0,0.0,0.0
435,bK15R35N,Sq,354729892.4988058,0.0,0.0,0.0,0.0,0.0,0.0,0.0,3.5472989249880586e-22,0.0,0.0,0.0,0.0
436,bK15R36F,X,457139835.66791594,0.0,0.0,0.0,40228305538.7766,0.0,4571398356.679159,228569917.83395797,0.0,0.0,0.0,0.0,0.0
437,bK15R82T,Sr,9572660.252199745,0.0,0.0,0.0,0.0,0.0,0.0,0.0,9.572660252199745e-24,0.0,0.0,0.0,0.0
438,bK15R83W,Sq,88124821.83719614,0.0,0.0,0.0,0.0,0.0,0.0,0.0,8.812482183719615e-23,0.0,0.0,0.0,0.0
439,bK15S02Z,S,14424690.999258857,0.0,0.0,0.0,0.0,0.0,0.0,0.0,1.4424690999258857e-23,0.0,0.0,0.0,0.0
440,bK15T01J,C,359178062.28837,84406844.63776694,359178.06228837004,359178.06228837004,59623558.339869425,71835612.45767401,5028492.872037181,718356.1245767401,0.0,0.0,0.0,0.0,0.0
441,bK15T24Z,Sq,88339188.2472368,0.0,0.0,0.0,0.0,0.0,0.0,0.0,8.833918824723681e-23,0.0,0.0,0.0,0.0
442,bK15TE3M,K,89087106.61402972,20935470.05429698,89087.10661402972,89087.10661402972,7394229.848964468,8908710.661402972,623609.746298208,89087.10661402972,0.0,0.0,0.0,0.0,0.0
443,bK15TE4G,S,11227399.037718406,0.0,0.0,0.0,0.0,0.0,0.0,0.0,1.1227399037718407e-23,0.0,0.0,0.0,0.0
444,bK15U51G,X,16242239.816076143,0.0,0.0,0.0,1429317103.8147006,0.0,162422398.16076142,8121119.908038071,0.0,0.0,0.0,0.0,0.0
445,bK15V00E,Sa,8538088.360861303,0.0,0.0,0.0,0.0,0.0,0.0,0.0,4.269044180430652e-24,0.0,0.0,0.0,0.0
446,bK15V00V,Xk,130910321.24666052,0.0,0.0,0.0,11520108269.706125,0.0,1309103212.4666052,65455160.62333026,0.0,0.0,0.0,0.0,0.0
447,bK15VA5E,V,38320767.92709345,0.0,0.0,0.0,0.0,0.0,0.0,0.0,3.8320767927093456e-23,0.0,0.0,0.0,0.0
448,bK15VA5O,S,88551524.98747821,0.0,0.0,0.0,0.0,0.0,0.0,0.0,8.855152498747822e-23,0.0,0.0,0.0,0.0
449,bK15X00C,S,19160541.126656465,0.0,0.0,0.0,0.0,0.0,0.0,0.0,1.9160541126656468e-23,0.0,0.0,0.0,0.0
450,bK15X55K,S,51070366.88907143,0.0,0.0,0.0,0.0,0.0,0.0,0.0,5.1070366889071433e-23,0.0,0.0,0.0,0.0
451,bK15XC8P,S,403944148.86695683,0.0,0.0,0.0,0.0,0.0,0.0,0.0,4.0394414886695685e-22,0.0,0.0,0.0,0.0
452,bK15XC8X,Q,6301505.988734511,0.0,0.0,0.0,0.0,0.0,0.0,0.0,0.0,0.0,0.0,83904552.24000001,0.0
453,bK15XZ2A,S,1849811782.97898,0.0,0.0,0.0,0.0,0.0,0.0,0.0,1.84981178297898e-21,0.0,0.0,0.0,0.0
454,bK15XZ2C,S,9315055.208014788,0.0,0.0,0.0,0.0,0.0,0.0,0.0,9.315055208014788e-24,0.0,0.0,0.0,0.0
455,bK15Xb9A,Sq,16435533.629863892,0.0,0.0,0.0,0.0,0.0,0.0,0.0,1.6435533629863893e-23,0.0,0.0,0.0,0.0
456,bK15Y00K,X,14325166.876590062,0.0,0.0,0.0,1260614685.1399255,0.0,143251668.7659006,7162583.438295031,0.0,0.0,0.0,0.0,0.0
457,bK15Y00T,Sr,8096632.262032807,0.0,0.0,0.0,0.0,0.0,0.0,0.0,8.096632262032808e-24,0.0,0.0,0.0,0.0
458,bK15Y01A,Q,50719742.32729664,0.0,0.0,0.0,0.0,0.0,0.0,0.0,0.0,0.0,0.0,675333369.0879546,0.0
459,bK15Y01U,S,32671430.962962378,0.0,0.0,0.0,0.0,0.0,0.0,0.0,3.267143096296238e-23,0.0,0.0,0.0,0.0
460,bK16A08T,B,59806830.95034944,14054605.273332119,59806.830950349446,59806.830950349446,598068309.5034944,0.0,0.0,0.0,0.0,0.0,0.0,0.0,0.0
461,bK16A09B,C,19240512.70011083,4521520.484526045,19240.51270011083,19240.51270011083,3193925.108218398,3848102.5400221664,269367.17780155165,38481.02540022166,0.0,0.0,0.0,0.0,0.0
462,bK16A65W,Sq,88714142.88213909,0.0,0.0,0.0,0.0,0.0,0.0,0.0,8.871414288213909e-23,0.0,0.0,0.0,0.0
463,bK16A65Z,Sq,1608983755.4568784,0.0,0.0,0.0,0.0,0.0,0.0,0.0,1.6089837554568786e-21,0.0,0.0,0.0,0.0
464,bK16AD1O,Sq,76432446.04421124,0.0,0.0,0.0,0.0,0.0,0.0,0.0,7.643244604421125e-23,0.0,0.0,0.0,0.0
465,bK16AG5K,Sq,132705603.99646069,0.0,0.0,0.0,0.0,0.0,0.0,0.0,1.327056039964607e-22,0.0,0.0,0.0,0.0
466,bK16AG5X,Sa,403395946.7153142,0.0,0.0,0.0,0.0,0.0,0.0,0.0,2.0169797335765712e-22,0.0,0.0,0.0,0.0
467,bK16B14C,S,7356289475.524265,0.0,0.0,0.0,0.0,0.0,0.0,0.0,7.356289475524266e-21,0.0,0.0,0.0,0.0
468,bK16B14W,B,4322250.9726742,1015728.978578437,4322.2509726742,4322.2509726742,43222509.726742,0.0,0.0,0.0,0.0,0.0,0.0,0.0,0.0
469,bK16C29O,S,25422242.522114344,0.0,0.0,0.0,0.0,0.0,0.0,0.0,2.5422242522114346e-23,0.0,0.0,0.0,0.0
470,bK16CD7F,Sq,10685862.959176468,0.0,0.0,0.0,0.0,0.0,0.0,0.0,1.0685862959176469e-23,0.0,0.0,0.0,0.0
471,bK16CJ3A,S,28786855.13872552,0.0,0.0,0.0,0.0,0.0,0.0,0.0,2.878685513872552e-23,0.0,0.0,0.0,0.0
472,bK16CJ4F,Sq,88395237.1128911,0.0,0.0,0.0,0.0,0.0,0.0,0.0,8.83952371128911e-23,0.0,0.0,0.0,0.0
473,bK16CO6O,Q,8201081.1746735675,0.0,0.0,0.0,0.0,0.0,0.0,0.0,0.0,0.0,0.0,109197395.84077854,0.0
474,bK16CO6V,C,7414662.150405679,1742445.6053453344,7414.662150405679,7414.662150405679,1230833.9169673428,1482932.4300811358,103805.2701056795,14829.324300811359,0.0,0.0,0.0,0.0,0.0
475,bK16D00J,S,10652143.27842235,0.0,0.0,0.0,0.0,0.0,0.0,0.0,1.0652143278422352e-23,0.0,0.0,0.0,0.0
476,bK16D02R,Sr,11490059.861548902,0.0,0.0,0.0,0.0,0.0,0.0,0.0,1.1490059861548904e-23,0.0,0.0,0.0,0.0
477,bK16E85T,S,10790208.55999788,0.0,0.0,0.0,0.0,0.0,0.0,0.0,1.0790208559997881e-23,0.0,0.0,0.0,0.0
478,bK16E86F,Sr,19164105.70710474,0.0,0.0,0.0,0.0,0.0,0.0,0.0,1.916410570710474e-23,0.0,0.0,0.0,0.0
479,bK16EF6J,Cb,4309623.440238441,1012761.5084560337,4309.623440238442,4309.623440238442,357698.74553979066,430962.34402384417,30167.36408166909,4309.623440238442,0.0,0.0,0.0,0.0,0.0
480,bK16F00A,S,16470174.138049625,0.0,0.0,0.0,0.0,0.0,0.0,0.0,1.6470174138049625e-23,0.0,0.0,0.0,0.0
481,bK16F02X,Sq,155619320.58969876,0.0,0.0,0.0,0.0,0.0,0.0,0.0,1.5561932058969877e-22,0.0,0.0,0.0,0.0
482,bK16F02Y,Xk,28651992.595716186,0.0,0.0,0.0,2521375348.423024,0.0,286519925.95716184,14325996.297858093,0.0,0.0,0.0,0.0,0.0
483,bK16F12B,Xc,12823737.663960056,0.0,0.0,0.0,1128488914.428485,0.0,128237376.63960056,6411868.831980028,0.0,0.0,0.0,0.0,64118.68831980028
484,bK16F12P,T,5233614.555978647,0.0,0.0,0.0,31401687.335871883,0.0,0.0,0.0,0.0,0.0,0.0,0.0,0.0
485,bK16F13S,S,6386630.281466938,0.0,0.0,0.0,0.0,0.0,0.0,0.0,6.3866302814669385e-24,0.0,0.0,0.0,0.0
486,bK16F14T,Xc,64843666.995717816,0.0,0.0,0.0,5706242695.623168,0.0,648436669.9571781,32421833.497858908,0.0,0.0,0.0,0.0,324218.3349785891
487,bK16F39H,Sr,66428934.06579915,0.0,0.0,0.0,0.0,0.0,0.0,0.0,6.642893406579915e-23,0.0,0.0,0.0,0.0
488,bK16G02N,Sr,25070666.64507998,0.0,0.0,0.0,0.0,0.0,0.0,0.0,2.5070666645079983e-23,0.0,0.0,0.0,0.0
489,bK16G03A,X,65210034.43930398,0.0,0.0,0.0,5738483030.658751,0.0,652100344.3930398,32605017.21965199,0.0,0.0,0.0,0.0,0.0
490,bK16GD4D,Sq,202693291.65675557,0.0,0.0,0.0,0.0,0.0,0.0,0.0,2.0269329165675558e-22,0.0,0.0,0.0,0.0
491,bK16GD4M,S,6496860.217659307,0.0,0.0,0.0,0.0,0.0,0.0,0.0,6.496860217659307e-24,0.0,0.0,0.0,0.0
492,bK16GM1W,S,38523448.141831145,0.0,0.0,0.0,0.0,0.0,0.0,0.0,3.852344814183115e-23,0.0,0.0,0.0,0.0
493,bK16GM2L,S,8580074.758394638,0.0,0.0,0.0,0.0,0.0,0.0,0.0,8.580074758394639e-24,0.0,0.0,0.0,0.0
494,bK16H03L,S,38163051.44020241,0.0,0.0,0.0,0.0,0.0,0.0,0.0,3.816305144020241e-23,0.0,0.0,0.0,0.0
495,bK16J06F,Sq,88710876.37623034,0.0,0.0,0.0,0.0,0.0,0.0,0.0,8.871087637623035e-23,0.0,0.0,0.0,0.0
496,bK16J24X,R,14378703.586522838,0.0,0.0,0.0,0.0,0.0,0.0,0.0,1.437870358652284e-23,0.0,0.0,0.0,0.0
497,bK16J38R,S,66293222.38398912,0.0,0.0,0.0,0.0,0.0,0.0,0.0,6.629322238398912e-23,0.0,0.0,0.0,0.0
498,bK16L10K,S,38212315.67017229,0.0,0.0,0.0,0.0,0.0,0.0,0.0,3.821231567017229e-23,0.0,0.0,0.0,0.0
499,bK16N01C,D,6949136.450689177,0.0,0.0,0.0,0.0,159.83013836585107,0.0,0.0,0.0,0.0,0.0,0.0,0.0
500,bK16N01D,K,8121051.8915858185,1908447.1945226672,8121.051891585818,8121.051891585818,674047.307001623,812105.1891585819,56847.36324110073,8121.051891585818,0.0,0.0,0.0,0.0,0.0
501,bK16N22V,Sk,28345408.17972402,0.0,0.0,0.0,0.0,0.0,0.0,0.0,2.834540817972402e-23,0.0,0.0,0.0,0.0
502,bK16N56J,V,58777087.8140673,0.0,0.0,0.0,0.0,0.0,0.0,0.0,5.877708781406731e-23,0.0,0.0,0.0,0.0
503,bK16P02D,Sq,44542030.85143659,0.0,0.0,0.0,0.0,0.0,0.0,0.0,4.4542030851436594e-23,0.0,0.0,0.0,0.0
504,bK16P08C,Sq,38083974.50491153,0.0,0.0,0.0,0.0,0.0,0.0,0.0,3.808397450491153e-23,0.0,0.0,0.0,0.0
505,bK16R01Q,C,17409482.540032376,4091228.396907608,17409.482540032375,17409.482540032375,2889974.1016453747,3481896.5080064754,243732.75556045325,34818.96508006475,0.0,0.0,0.0,0.0,0.0
506,bK16R34B,Q,25594650.70955795,0.0,0.0,0.0,0.0,0.0,0.0,0.0,0.0,0.0,0.0,340792774.1977641,0.0
507,bK16S02T,Sq,28593159.063803576,0.0,0.0,0.0,0.0,0.0,0.0,0.0,2.8593159063803577e-23,0.0,0.0,0.0,0.0
508,bK16T11P,S,66939316.953482315,0.0,0.0,0.0,0.0,0.0,0.0,0.0,6.693931695348232e-23,0.0,0.0,0.0,0.0
509,bK16T11Q,Q,9427168.226837864,0.0,0.0,0.0,0.0,0.0,0.0,0.0,0.0,0.0,0.0,125522744.94034615,0.0
510,bK16T18B,C,17395598.640173905,4087965.6804408673,17395.598640173906,17395.598640173906,2887669.3742688685,3479119.7280347813,243538.38096243466,34791.19728034781,0.0,0.0,0.0,0.0,0.0
511,bK16T55G,C,2870216.9167597173,674500.9754385335,2870.216916759717,2870.216916759717,476456.0081821131,574043.3833519435,40183.03683463604,5740.433833519434,0.0,0.0,0.0,0.0,0.0
512,bK16U00E,Sq,22475499.92226954,0.0,0.0,0.0,0.0,0.0,0.0,0.0,2.2475499922269544e-23,0.0,0.0,0.0,0.0
513,bK16U05O,Sq,8481472.324535025,0.0,0.0,0.0,0.0,0.0,0.0,0.0,8.481472324535026e-24,0.0,0.0,0.0,0.0
514,bK16U35W,Sq,50640248.05437689,0.0,0.0,0.0,0.0,0.0,0.0,0.0,5.06402480543769e-23,0.0,0.0,0.0,0.0
515,bK16U41A,Sq,58944283.03120705,0.0,0.0,0.0,0.0,0.0,0.0,0.0,5.894428303120705e-23,0.0,0.0,0.0,0.0
516,bK16V01S,T,4305544.458254862,0.0,0.0,0.0,25833266.749529168,0.0,0.0,0.0,0.0,0.0,0.0,0.0,0.0
517,bK16V01Y,S,38247564.50858475,0.0,0.0,0.0,0.0,0.0,0.0,0.0,3.824756450858476e-23,0.0,0.0,0.0,0.0
518,bK16W07G,S,6550789.442623895,0.0,0.0,0.0,0.0,0.0,0.0,0.0,6.550789442623895e-24,0.0,0.0,0.0,0.0
519,bK16W07L,K,33344669.270347845,7835997.278531743,33344.66927034785,33344.66927034785,2767607.5494388714,3334466.9270347846,233412.68489243492,33344.66927034785,0.0,0.0,0.0,0.0,0.0
520,bK16W07S,Q,33066153.036847178,0.0,0.0,0.0,0.0,0.0,0.0,0.0,0.0,0.0,0.0,440275827.6856201,0.0
521,bK16W07T,Sr,7415457.976336698,0.0,0.0,0.0,0.0,0.0,0.0,0.0,7.415457976336699e-24,0.0,0.0,0.0,0.0
522,bK16W08B,Sq,7387897.135177318,0.0,0.0,0.0,0.0,0.0,0.0,0.0,7.387897135177319e-24,0.0,0.0,0.0,0.0
523,bK16W08M,Sk,76074568.30420601,0.0,0.0,0.0,0.0,0.0,0.0,0.0,7.607456830420602e-23,0.0,0.0,0.0,0.0
524,bK16W48L,C,14238463.22833007,3346038.8586575664,14238.46322833007,14238.46322833007,2363584.895902792,2847692.6456660144,199338.48519662098,28476.92645666014,0.0,0.0,0.0,0.0,0.0
525,bK16X23R,S,14109086.947363304,0.0,0.0,0.0,0.0,0.0,0.0,0.0,1.4109086947363306e-23,0.0,0.0,0.0,0.0
526,bK16Y00E,Xe,13517419.07001881,0.0,0.0,0.0,1189532878.1616552,0.0,135174190.7001881,6758709.535009405,0.0,0.0,0.0,0.0,0.0
527,bK16Y00Q,S,33429522.38544634,0.0,0.0,0.0,0.0,0.0,0.0,0.0,3.342952238544634e-23,0.0,0.0,0.0,0.0
528,bK16Y01N,Sq,175435357.24418065,0.0,0.0,0.0,0.0,0.0,0.0,0.0,1.7543535724418067e-22,0.0,0.0,0.0,0.0
529,bK16Y08F,T,360038057.676476,0.0,0.0,0.0,2160228346.058856,0.0,0.0,0.0,0.0,0.0,0.0,0.0,0.0
530,bK17A04R,X,65090465.083032936,0.0,0.0,0.0,5727960927.306898,0.0,650904650.8303294,32545232.541516468,0.0,0.0,0.0,0.0,0.0
531,bK17A21E,Sq,32941846.493331097,0.0,0.0,0.0,0.0,0.0,0.0,0.0,3.29418464933311e-23,0.0,0.0,0.0,0.0
532,bK17A21G,Sq,7045764180.455027,0.0,0.0,0.0,0.0,0.0,0.0,0.0,7.045764180455027e-21,0.0,0.0,0.0,0.0
533,bK17B00W,V,202321002.032965,0.0,0.0,0.0,0.0,0.0,0.0,0.0,2.0232100203296503e-22,0.0,0.0,0.0,0.0
534,bK17B00Y,Xk,25464954.058528654,0.0,0.0,0.0,2240915957.1505218,0.0,254649540.58528656,12732477.029264327,0.0,0.0,0.0,0.0,0.0
535,bK17B29F,Q,11434328.511797627,0.0,0.0,0.0,0.0,0.0,0.0,0.0,0.0,0.0,0.0,152248084.1345854,0.0
536,bK17B30F,X,149579411.97588202,0.0,0.0,0.0,13162988253.877619,0.0,1495794119.7588203,74789705.98794101,0.0,0.0,0.0,0.0,0.0
537,bK17B30L,S,266210284.41850862,0.0,0.0,0.0,0.0,0.0,0.0,0.0,2.6621028441850866e-22,0.0,0.0,0.0,0.0
538,bK17B32M,S,58706027.81818339,0.0,0.0,0.0,0.0,0.0,0.0,0.0,5.87060278181834e-23,0.0,0.0,0.0,0.0
539,bK17B32N,C,17310741.752749905,4068024.3118962273,17310.741752749906,17310.741752749906,2873583.1309564845,3462148.350549981,242350.38453849868,34621.48350549981,0.0,0.0,0.0,0.0,0.0
540,bK17B93N,S,14196822.598689768,0.0,0.0,0.0,0.0,0.0,0.0,0.0,1.419682259868977e-23,0.0,0.0,0.0,0.0
541,bK17B93V,Sk,28921237.652837638,0.0,0.0,0.0,0.0,0.0,0.0,0.0,2.892123765283764e-23,0.0,0.0,0.0,0.0
542,bK17C01Q,Ld,66379006.19858539,0.0,0.0,0.0,0.0,0.0,0.0,0.0,6.63790061985854e-23,0.0,0.0,0.0,0.0
543,bK17D36A,S,22495843.49521562,0.0,0.0,0.0,0.0,0.0,0.0,0.0,2.2495843495215622e-23,0.0,0.0,0.0,0.0
544,bK17D38B,X,199731753.61800197,0.0,0.0,0.0,17576394318.384174,0.0,1997317536.1800196,99865876.80900098,0.0,0.0,0.0,0.0,0.0
545,bK17E02U,Sq,17072002.16054106,0.0,0.0,0.0,0.0,0.0,0.0,0.0,1.7072002160541062e-23,0.0,0.0,0.0,0.0
546,bK17E03B,Sq,25631543.499216586,0.0,0.0,0.0,0.0,0.0,0.0,0.0,2.5631543499216588e-23,0.0,0.0,0.0,0.0
547,bK17E03D,K,38323284.98197651,9005971.970764479,38323.28498197651,38323.28498197651,3180832.6535040503,3832328.498197651,268262.9948738356,38323.28498197651,0.0,0.0,0.0,0.0,0.0
548,bK17F00R,X,38373143.2722204,0.0,0.0,0.0,3376836607.9553957,0.0,383731432.722204,19186571.6361102,0.0,0.0,0.0,0.0,0.0
549,bK17F02M,X,21364215.70036956,0.0,0.0,0.0,1880050981.6325212,0.0,213642157.0036956,10682107.85018478,0.0,0.0,0.0,0.0,0.0
550,bK17F03B,Sl,6911694.497945264,0.0,0.0,0.0,0.0,0.0,0.0,0.0,6.911694497945264e-24,0.0,0.0,0.0,0.0
551,bK17F63K,V,32833814.899376962,0.0,0.0,0.0,0.0,0.0,0.0,0.0,3.2833814899376963e-23,0.0,0.0,0.0,0.0
552,bK17F64T,Sq,58686780.305791706,0.0,0.0,0.0,0.0,0.0,0.0,0.0,5.868678030579171e-23,0.0,0.0,0.0,0.0
553,bK17FA1P,L,38369912.81864826,0.0,0.0,0.0,0.0,0.0,0.0,0.0,3.836991281864826e-23,0.0,268589389.7305378,0.0,0.0
554,bK17FC7M,S,11265891.293948436,0.0,0.0,0.0,0.0,0.0,0.0,0.0,1.1265891293948438e-23,0.0,0.0,0.0,0.0
555,bK17G04J,Sr,7511958.053587218,0.0,0.0,0.0,0.0,0.0,0.0,0.0,7.511958053587218e-24,0.0,0.0,0.0,0.0
556,bK17G04O,S,25264626.979013722,0.0,0.0,0.0,0.0,0.0,0.0,0.0,2.5264626979013724e-23,0.0,0.0,0.0,0.0
557,bK17G06M,Sq,6825639.772003849,0.0,0.0,0.0,0.0,0.0,0.0,0.0,6.825639772003849e-24,0.0,0.0,0.0,0.0
558,bK17H01K,O,11479635.91863312,0.0,0.0,0.0,0.0,0.0,0.0,0.0,0.0,0.0,0.0,34037120.4987472,14349544.8982914
559,bK17H02U,X,13498733.87851603,0.0,0.0,0.0,1187888581.3094106,0.0,134987338.7851603,6749366.939258015,0.0,0.0,0.0,0.0,0.0
560,bK17H03S,C,5233878.772969957,1229961.51164794,5233.878772969958,5233.878772969958,868823.876313013,1046775.7545939916,73274.3028215794,10467.757545939916,0.0,0.0,0.0,0.0,0.0
561,bK17H03V,S,155573608.0545679,0.0,0.0,0.0,0.0,0.0,0.0,0.0,1.555736080545679e-22,0.0,0.0,0.0,0.0
562,bK17H04Z,Sq,8418098.32412807,0.0,0.0,0.0,0.0,0.0,0.0,0.0,8.418098324128071e-24,0.0,0.0,0.0,0.0
563,bK17H49E,K,79220255.37737203,18616760.013682425,79220.25537737203,79220.25537737203,6575281.196321879,7922025.537737203,554541.7876416042,79220.25537737203,0.0,0.0,0.0,0.0,0.0
564,bK17K05A,Sa,11267558.761959972,0.0,0.0,0.0,0.0,0.0,0.0,0.0,5.633779380979986e-24,0.0,0.0,0.0,0.0
565,bK17K27P,Sq,8340899.433579803,0.0,0.0,0.0,0.0,0.0,0.0,0.0,8.340899433579804e-24,0.0,0.0,0.0,0.0
566,bK17K34U,S,175175893.58152688,0.0,0.0,0.0,0.0,0.0,0.0,0.0,1.7517589358152688e-22,0.0,0.0,0.0,0.0
567,bK17L01E,S,9598584.640796356,0.0,0.0,0.0,0.0,0.0,0.0,0.0,9.598584640796356e-24,0.0,0.0,0.0,0.0
568,bK17M05A,S,10019131.96984988,0.0,0.0,0.0,0.0,0.0,0.0,0.0,1.0019131969849882e-23,0.0,0.0,0.0,0.0
569,bK17O20E,Q,16417402.716215609,0.0,0.0,0.0,0.0,0.0,0.0,0.0,0.0,0.0,0.0,218597717.16641083,0.0
570,bK17P00E,Sk,59594697.73301433,0.0,0.0,0.0,0.0,0.0,0.0,0.0,5.959469773301434e-23,0.0,0.0,0.0,0.0
571,bK17P24S,Sq,25689062.499303404,0.0,0.0,0.0,0.0,0.0,0.0,0.0,2.5689062499303406e-23,0.0,0.0,0.0,0.0
572,bK17P25V,X,75653146.36765663,0.0,0.0,0.0,6657476880.353784,0.0,756531463.6765664,37826573.18382832,0.0,0.0,0.0,0.0,0.0
573,bK17Q00O,Sl,9874819.402161391,0.0,0.0,0.0,0.0,0.0,0.0,0.0,9.874819402161392e-24,0.0,0.0,0.0,0.0
574,bK17Q02B,L,58660962.39808204,0.0,0.0,0.0,0.0,0.0,0.0,0.0,5.866096239808204e-23,0.0,410626736.7865743,0.0,0.0
575,bK17Q02P,S,17220905.864911538,0.0,0.0,0.0,0.0,0.0,0.0,0.0,1.7220905864911538e-23,0.0,0.0,0.0,0.0
576,bK17R00K,O,6794251.570405438,0.0,0.0,0.0,0.0,0.0,0.0,0.0,0.0,0.0,0.0,20144955.90625212,8492814.463006796
577,bK17R02P,S,132994255.53296374,0.0,0.0,0.0,0.0,0.0,0.0,0.0,1.3299425553296376e-22,0.0,0.0,0.0,0.0
578,bK17S10N,S,9888455.851032967,0.0,0.0,0.0,0.0,0.0,0.0,0.0,9.888455851032967e-24,0.0,0.0,0.0,0.0
579,bK17S11U,C,79257212.31922266,18625444.895017322,79257.21231922266,79257.21231922266,13156697.244990962,15851442.463844532,1109600.9724691173,158514.4246384453,0.0,0.0,0.0,0.0,0.0
580,bK17S11Z,Sq,33051355.70478763,0.0,0.0,0.0,0.0,0.0,0.0,0.0,3.305135570478763e-23,0.0,0.0,0.0,0.0
581,bK17S14F,S,59534038.598878495,0.0,0.0,0.0,0.0,0.0,0.0,0.0,5.95340385988785e-23,0.0,0.0,0.0,0.0
582,bK17S16L,Sq,6723755.521703777,0.0,0.0,0.0,0.0,0.0,0.0,0.0,6.723755521703778e-24,0.0,0.0,0.0,0.0
583,bK17S17V,C,5017839.373431268,1179192.2527563479,5017.8393734312685,5017.8393734312685,832961.3359895905,1003567.8746862537,70249.75122803776,10035.678746862537,0.0,0.0,0.0,0.0,0.0
584,bK17S19V,Sq,24873508.089896187,0.0,0.0,0.0,0.0,0.0,0.0,0.0,2.4873508089896188e-23,0.0,0.0,0.0,0.0
585,bK17S20B,Sr,25622611.08672069,0.0,0.0,0.0,0.0,0.0,0.0,0.0,2.562261108672069e-23,0.0,0.0,0.0,0.0
586,bK17S21O,Sr,16651821.254673578,0.0,0.0,0.0,0.0,0.0,0.0,0.0,1.665182125467358e-23,0.0,0.0,0.0,0.0
587,bK17U04Y,Sq,19452768.74732867,0.0,0.0,0.0,0.0,0.0,0.0,0.0,1.945276874732867e-23,0.0,0.0,0.0,0.0
588,bK17U05D,Sl,7253899.874369712,0.0,0.0,0.0,0.0,0.0,0.0,0.0,7.253899874369713e-24,0.0,0.0,0.0,0.0
589,bK17U05J,X,74753539.47514881,0.0,0.0,0.0,6578311473.813095,0.0,747535394.7514881,37376769.737574406,0.0,0.0,0.0,0.0,0.0
590,bK17U07N,Sq,9806119.586020356,0.0,0.0,0.0,0.0,0.0,0.0,0.0,9.806119586020358e-24,0.0,0.0,0.0,0.0
591,bK17V01G,S,75763164.4416712,0.0,0.0,0.0,0.0,0.0,0.0,0.0,7.57631644416712e-23,0.0,0.0,0.0,0.0
592,bK17V13V,Sk,116780207.3376629,0.0,0.0,0.0,0.0,0.0,0.0,0.0,1.167802073376629e-22,0.0,0.0,0.0,0.0
593,bK17W13X,O,29960679.607421964,0.0,0.0,0.0,0.0,0.0,0.0,0.0,0.0,0.0,0.0,88833415.03600612,37450849.509277456
594,bK17W14Z,Xk,44142270.10139039,0.0,0.0,0.0,3884519768.9223547,0.0,441422701.0139039,22071135.050695196,0.0,0.0,0.0,0.0,0.0
595,bK17W16J,Xc,99894989.42767471,0.0,0.0,0.0,8790759069.635374,0.0,998949894.2767471,49947494.713837355,0.0,0.0,0.0,0.0,499474.94713837357
596,bK17W16O,Sr,25841638.566290956,0.0,0.0,0.0,0.0,0.0,0.0,0.0,2.5841638566290958e-23,0.0,0.0,0.0,0.0
597,bK17X02S,Sq,6015126.330024805,0.0,0.0,0.0,0.0,0.0,0.0,0.0,6.015126330024805e-24,0.0,0.0,0.0,0.0
598,bK17X61N,X,2085632784.7870507,0.0,0.0,0.0,183535685061.26047,0.0,20856327847.870506,1042816392.3935254,0.0,0.0,0.0,0.0,0.0
599,bK17X61R,V,355397103.86523825,0.0,0.0,0.0,0.0,0.0,0.0,0.0,3.5539710386523827e-22,0.0,0.0,0.0,0.0
600,bK17X62C,S,932737573.5474591,0.0,0.0,0.0,0.0,0.0,0.0,0.0,9.327375735474592e-22,0.0,0.0,0.0,0.0
601,bK17Y01C,Q,175280498.7977801,0.0,0.0,0.0,0.0,0.0,0.0,0.0,0.0,0.0,0.0,2333859841.492442,0.0
602,bK17Y02C,V,202962646.42380053,0.0,0.0,0.0,0.0,0.0,0.0,0.0,2.0296264642380053e-22,0.0,0.0,0.0,0.0
603,bK18A03F,L,531294515.4586831,0.0,0.0,0.0,0.0,0.0,0.0,0.0,5.312945154586831e-22,0.0,3719061608.2107816,0.0,0.0
604,bK18A03G,K,3404739.5550121125,800113.7954278464,3404.7395550121128,3404.7395550121128,282593.38306600536,340473.9555012113,23833.176885084788,3404.7395550121128,0.0,0.0,0.0,0.0,0.0
605,bK18A03L,X,130734023.74547884,0.0,0.0,0.0,11504594089.602139,0.0,1307340237.4547884,65367011.87273942,0.0,0.0,0.0,0.0,0.0
606,bK18A04B,S,11003312.79435083,0.0,0.0,0.0,0.0,0.0,0.0,0.0,1.1003312794350832e-23,0.0,0.0,0.0,0.0
607,bK18A11W,D,3193263.9190733633,0.0,0.0,0.0,0.0,73.44507013868736,0.0,0.0,0.0,0.0,0.0,0.0,0.0
608,bK18B05G,S,101365448.86997941,0.0,0.0,0.0,0.0,0.0,0.0,0.0,1.0136544886997942e-22,0.0,0.0,0.0,0.0
609,bK18B06Y,Sq,265705995.55608696,0.0,0.0,0.0,0.0,0.0,0.0,0.0,2.6570599555608697e-22,0.0,0.0,0.0,0.0
610,bK18C00Y,Sq,203139949.21146333,0.0,0.0,0.0,0.0,0.0,0.0,0.0,2.0313994921146335e-22,0.0,0.0,0.0,0.0
611,bK18C02S,Sq,12696056.402447343,0.0,0.0,0.0,0.0,0.0,0.0,0.0,1.2696056402447344e-23,0.0,0.0,0.0,0.0
612,bK18C03Q,Sq,19321413.24428459,0.0,0.0,0.0,0.0,0.0,0.0,0.0,1.932141324428459e-23,0.0,0.0,0.0,0.0
613,bK18D00C,K,19371143.340766575,4552218.685080145,19371.143340766575,19371.143340766575,1607804.8972836258,1937114.3340766577,135598.00338536603,19371.143340766575,0.0,0.0,0.0,0.0,0.0
614,bK18D01B,Sr,6169918.547889224,0.0,0.0,0.0,0.0,0.0,0.0,0.0,6.169918547889225e-24,0.0,0.0,0.0,0.0
615,bK18D01E,Xc,25893509.3999895,0.0,0.0,0.0,2278628827.199076,0.0,258935093.999895,12946754.69999475,0.0,0.0,0.0,0.0,129467.5469999475
616,bK18D01X,S,76216476.87476705,0.0,0.0,0.0,0.0,0.0,0.0,0.0,7.621647687476705e-23,0.0,0.0,0.0,0.0
617,bK18D03Y,X,19032133.911562674,0.0,0.0,0.0,1674827784.2175152,0.0,190321339.11562675,9516066.955781337,0.0,0.0,0.0,0.0,0.0
618,bK18E01R,Sr,10967621.562612271,0.0,0.0,0.0,0.0,0.0,0.0,0.0,1.0967621562612272e-23,0.0,0.0,0.0,0.0
619,bK18E04L,Sq,15666201.679728523,0.0,0.0,0.0,0.0,0.0,0.0,0.0,1.5666201679728524e-23,0.0,0.0,0.0,0.0
620,bK18E04M,X,33617103.46280348,0.0,0.0,0.0,2958305104.7267065,0.0,336171034.62803483,16808551.73140174,0.0,0.0,0.0,0.0,0.0
621,bK18F02B,V,11125864.63685804,0.0,0.0,0.0,0.0,0.0,0.0,0.0,1.1125864636858042e-23,0.0,0.0,0.0,0.0
622,bK18F03O,X,18867126.355765354,0.0,0.0,0.0,1660307119.307351,0.0,188671263.55765355,9433563.177882677,0.0,0.0,0.0,0.0,0.0
623,bK18F03V,Sq,12726324.4086447,0.0,0.0,0.0,0.0,0.0,0.0,0.0,1.2726324408644701e-23,0.0,0.0,0.0,0.0
624,bK18G04F,O,9938654.024548959,0.0,0.0,0.0,0.0,0.0,0.0,0.0,0.0,0.0,0.0,29468109.18278766,12423317.5306862
625,bK18G04S,S,28443054.05656328,0.0,0.0,0.0,0.0,0.0,0.0,0.0,2.844305405656328e-23,0.0,0.0,0.0,0.0
626,bK18H01W,S,8560918.21499242,0.0,0.0,0.0,0.0,0.0,0.0,0.0,8.560918214992421e-24,0.0,0.0,0.0,0.0
627,bK18J01O,S,25082682.850337744,0.0,0.0,0.0,0.0,0.0,0.0,0.0,2.5082682850337744e-23,0.0,0.0,0.0,0.0
628,bK18J02K,Q,8072979.579648659,0.0,0.0,0.0,0.0,0.0,0.0,0.0,0.0,0.0,0.0,107491723.10302189,0.0
629,bK18K01D,Sq,50893388.58625286,0.0,0.0,0.0,0.0,0.0,0.0,0.0,5.089338858625287e-23,0.0,0.0,0.0,0.0
630,bK18K01P,Sq,25395951.609520137,0.0,0.0,0.0,0.0,0.0,0.0,0.0,2.539595160952014e-23,0.0,0.0,0.0,0.0
631,bK18K02C,Xc,853098078.1546942,0.0,0.0,0.0,75072630877.61308,0.0,8530980781.546942,426549039.0773471,0.0,0.0,0.0,0.0,4265490.390773471
632,bK18L00B,S,6003328.950498264,0.0,0.0,0.0,0.0,0.0,0.0,0.0,6.003328950498265e-24,0.0,0.0,0.0,0.0
633,bK18L00C,S,13141645.570124554,0.0,0.0,0.0,0.0,0.0,0.0,0.0,1.3141645570124554e-23,0.0,0.0,0.0,0.0
634,bK18L00M,Xk,38336494.74208323,0.0,0.0,0.0,3373611537.303324,0.0,383364947.4208323,19168247.371041615,0.0,0.0,0.0,0.0,0.0
635,bK18L01C,S,28567208.582314845,0.0,0.0,0.0,0.0,0.0,0.0,0.0,2.856720858231485e-23,0.0,0.0,0.0,0.0
636,bK18L02M,Sq,45919099.0410354,0.0,0.0,0.0,0.0,0.0,0.0,0.0,4.59190990410354e-23,0.0,0.0,0.0,0.0
637,bK18L02Q,V,29147481.333649393,0.0,0.0,0.0,0.0,0.0,0.0,0.0,2.9147481333649394e-23,0.0,0.0,0.0,0.0
638,bK18L03O,K,6611981.75461908,1553815.7123354836,6611.98175461908,6611.98175461908,548794.4856333836,661198.175461908,46283.872282333556,6611.98175461908,0.0,0.0,0.0,0.0,0.0
639,bK18L05Q,T,14772585.898607532,0.0,0.0,0.0,88635515.3916452,0.0,0.0,0.0,0.0,0.0,0.0,0.0,0.0
640,bK18M05Q,Sq,88649515.38426097,0.0,0.0,0.0,0.0,0.0,0.0,0.0,8.864951538426097e-23,0.0,0.0,0.0,0.0
641,bK18M07D,Sq,607826921.302709,0.0,0.0,0.0,0.0,0.0,0.0,0.0,6.078269213027091e-22,0.0,0.0,0.0,0.0
642,bK18N00E,S,203002396.3805604,0.0,0.0,0.0,0.0,0.0,0.0,0.0,2.030023963805604e-22,0.0,0.0,0.0,0.0
643,bK18N00V,Sq,531531779.06473815,0.0,0.0,0.0,0.0,0.0,0.0,0.0,5.315317790647382e-22,0.0,0.0,0.0,0.0
644,bK18N01Q,K,11791822.760284008,2771078.348666742,11791.822760284009,11791.822760284009,978721.2891035727,1179182.276028401,82542.75932198807,11791.822760284009,0.0,0.0,0.0,0.0,0.0
645,bK18N01R,S,44487497.99936107,0.0,0.0,0.0,0.0,0.0,0.0,0.0,4.448749799936107e-23,0.0,0.0,0.0,0.0
646,bK18N02T,Sk,132668061.19086678,0.0,0.0,0.0,0.0,0.0,0.0,0.0,1.3266806119086679e-22,0.0,0.0,0.0,0.0
647,bK18P21K,V,7189208.808626426,0.0,0.0,0.0,0.0,0.0,0.0,0.0,7.189208808626426e-24,0.0,0.0,0.0,0.0
648,bK18P23R,Sl,15065429.29011887,0.0,0.0,0.0,0.0,0.0,0.0,0.0,1.506542929011887e-23,0.0,0.0,0.0,0.0
649,bK18R00C,A,28577236.74716486,0.0,0.0,0.0,0.0,0.0,0.0,0.0,0.0,0.0,0.0,0.0,0.0
650,bK18R01Q,S,75896922.27124158,0.0,0.0,0.0,0.0,0.0,0.0,0.0,7.589692227124159e-23,0.0,0.0,0.0,0.0
651,bK18R05O,C,5237383.0675584925,1230785.0208762456,5237.383067558492,5237.383067558492,869405.5892147098,1047476.6135116986,73323.3629458189,10474.766135116985,0.0,0.0,0.0,0.0,0.0
652,bK18S03B,V,11198334.806903023,0.0,0.0,0.0,0.0,0.0,0.0,0.0,1.1198334806903024e-23,0.0,0.0,0.0,0.0
653,bK18S03F,T,8542781.691416781,0.0,0.0,0.0,51256690.14850069,0.0,0.0,0.0,0.0,0.0,0.0,0.0,0.0
654,bK18T00A,Cb,17205918.941620015,4043390.9512807033,17205.918941620013,17205.918941620013,1428091.2721544614,1720591.8941620016,120441.43259134011,17205.918941620013,0.0,0.0,0.0,0.0,0.0
655,bK18T00R,Sq,13068431.88249543,0.0,0.0,0.0,0.0,0.0,0.0,0.0,1.306843188249543e-23,0.0,0.0,0.0,0.0
656,bK18T01Z,S,25603349.83786655,0.0,0.0,0.0,0.0,0.0,0.0,0.0,2.560334983786655e-23,0.0,0.0,0.0,0.0
657,bK18T06D,D,14430007.875986805,0.0,0.0,0.0,0.0,331.8901811476965,0.0,0.0,0.0,0.0,0.0,0.0,0.0
658,bK18U01M,Xk,344317114.5751274,0.0,0.0,0.0,30299906082.611214,0.0,3443171145.751274,172158557.2875637,0.0,0.0,0.0,0.0,0.0
